customer_id,points_score,annual_spend,status
C0362,10314,2336.08,Gold
C0159,8472,2147.69,Silver
C0478,10670,2475.55,Gold
C0518,11734,2765.33,Gold
C0276,9278,2307.13,Silver
C0363,10364,2042.65,Gold
C0311,9721,1775.81,Silver
C0200,9151,1974.59,Silver
C0522,11006,2615.57,Gold
C0091,7001,1730.2,Silver
C0082,7775,1610.74,Silver
C0265,9486,1535.84,Silver
C0355,9637,1765.66,Silver
C0222,9094,1840.07,Silver
C0212,9322,2072.53,Silver
C0064,7166,1451.94,Silver
C0055,7243,2051.82,Silver
C0599,12015,3444.91,Gold
C0300,9937,1963.56,Silver
C0156,8226,1649.81,Silver
C0110,8987,2029.92,Silver
C0613,13914,3130.09,Gold
C0361,10439,2299.47,Gold
C0335,9785,2083.58,Silver
C0632,14624,3183.8,Gold
C0636,14033,2801.32,Gold
C0257,9191,2369.87,Silver
C0662,14611,2722.73,Gold
C0514,11164,2544.68,Gold
C0077,7366,1715.4,Silver
C0667,12884,2737.46,Gold
C0552,11255,3046.2,Gold
C0471,10945,2070.62,Gold
C0136,8098,1891.38,Silver
C0137,8658,2141.54,Silver
C0102,8928,1907.72,Silver
C0073,7564,1700.03,Silver
C0290,9018,1922.24,Silver
C0011,7466,1925.95,Silver
C0656,13463,2944.8,Gold
C0577,12989,2598.14,Gold
C0320,9728,1976.95,Silver
C0032,7160,1652.49,Silver
C0554,11904,2877.97,Gold
C0397,10074,2246.98,Gold
C0465,10801,2339.34,Gold
C0623,12271,2802.55,Gold
C0119,8262,2009.08,Silver
C0056,7831,1766.86,Silver
C0258,9226,1800.37,Silver
C0593,12363,2740.89,Gold
C0347,9529,2302.37,Silver
C0078,7955,1743.29,Silver
C0569,12136,2578.64,Gold
C0079,7454,1881.85,Silver
C0638,12145,2803.37,Gold
C0575,13500,2521.1,Gold
C0337,9846,2576.54,Silver
C0353,9784,2270.06,Silver
C0182,8895,2243.81,Silver
C0165,8877,1805.99,Silver
C0121,8143,1933.65,Silver
C0003,7860,1636.35,Silver
C0166,8337,1574.53,Silver
C0479,10959,2405.94,Gold
C0664,13594,2455.73,Gold
C0626,14424,2955.22,Gold
C0301,9617,1562.71,Silver
C0061,7646,1902.43,Silver
C0134,8008,2054.79,Silver
C0031,7276,2433.76,Silver
C0070,7241,1639.35,Silver
C0293,9395,2088.76,Silver
C0469,10640,2749.35,Gold
C0045,7699,1911.26,Silver
C0071,7776,1838.63,Silver
C0339,9946,1944.8,Silver
C0183,8391,1886.33,Silver
C0515,11181,2320.81,Gold
C0655,12806,2469.16,Gold
C0453,10568,2499.45,Gold
C0177,8397,1639.23,Silver
C0536,11513,2518.41,Gold
C0066,7387,2075.52,Silver
C0616,12957,2790.35,Gold
C0050,7686,1851.95,Silver
C0149,8624,1811.65,Silver
C0368,10436,2021.75,Gold
C0040,7474,1547.9,Silver
C0512,11451,2376.79,Gold
C0307,9553,1868.77,Silver
C0007,7700,1574.9,Silver
C0621,12747,2757.9,Gold
C0665,13607,2330.48,Gold
C0211,9267,2071.7,Silver
C0649,14234,2597.32,Gold
C0132,8036,1938.61,Silver
C0332,9805,2239.27,Silver
C0319,9706,2357.05,Silver
C0627,12265,2927.51,Gold
C0087,7931,2075.75,Silver
C0463,10802,2142.05,Gold
C0282,9368,2191.37,Silver
C0559,11499,2618.1,Gold
C0622,12696,3101.57,Gold
C0639,13981,3045.25,Gold
C0470,10603,2382.14,Gold
C0042,7510,1955.36,Silver
C0193,8469,1901.06,Silver
C0109,8778,1866.54,Silver
C0602,13131,3037.14,Gold
C0057,7504,1336.76,Silver
C0312,9750,2069.3,Silver
C0494,11760,2559.83,Gold
C0285,9367,1951.02,Silver
C0133,8159,1894.52,Silver
C0221,9011,2030.52,Silver
C0251,9248,1969.05,Silver
C0025,7491,1631.11,Silver
C0209,9426,2175.83,Silver
C0303,9878,1713.02,Silver
C0205,9032,1790.45,Silver
C0433,10683,2218.45,Gold
C0480,10991,2302.48,Gold
C0111,8952,1804.48,Silver
C0279,9360,1615.94,Silver
C0083,7942,1678.89,Silver
C0052,7562,1942.51,Silver
C0449,10791,2737.63,Gold
C0538,11814,2587.03,Gold
C0524,11774,2423.65,Gold
C0550,11804,2398.41,Gold
C0213,9064,1947.61,Silver
C0019,7663,1787.65,Silver
C0236,9089,1918.81,Silver
C0400,10133,2206.71,Gold
C0603,14941,2937.52,Gold
C0062,7020,1789.78,Silver
C0146,8919,1788.95,Silver
C0354,9887,2076.17,Silver
C0030,7955,1881.55,Silver
C0164,8895,1771.2,Silver
C0322,9897,2012.15,Silver
C0216,9329,1817.95,Silver
C0652,14108,2145.33,Gold
C0405,10434,2625.07,Gold
C0175,8579,1961.31,Silver
C0431,10715,2362.59,Gold
C0553,11733,2726.36,Gold
C0448,10919,2100.62,Gold
C0341,9807,1653.53,Silver
C0533,11284,2517.44,Gold
C0606,12545,2651.19,Gold
C0210,9100,2104.37,Silver
C0628,14973,3344.9,Gold
C0598,14769,3076.81,Gold
C0585,14667,2828.61,Gold
C0406,10061,2433.04,Gold
C0482,10995,2434.38,Gold
C0481,10855,2507.21,Gold
C0383,10136,2381.12,Gold
C0105,8550,1707.99,Silver
C0115,8414,1714.98,Silver
C0600,12492,2604.01,Gold
C0389,10228,2540.98,Gold
C0468,10717,2337.75,Gold
C0540,11915,2609.33,Gold
C0008,7020,1659.73,Silver
C0090,7387,1833.99,Silver
C0504,11095,3022.76,Gold
C0357,9900,1797.5,Silver
C0571,14735,2574.72,Gold
C0350,9550,2261.55,Silver
C0342,9748,2010.08,Silver
C0235,9457,2117.24,Silver
C0141,8403,1672.17,Silver
C0520,11943,3135.98,Gold
C0044,7475,1742.31,Silver
C0043,7681,1781.39,Silver
C0074,7897,1820.72,Silver
C0168,8821,2203.99,Silver
C0228,9034,1995.25,Silver
C0583,13296,2581.48,Gold
C0067,7600,1816.62,Silver
C0012,7214,1981.57,Silver
C0590,13194,2530.47,Gold
C0545,11470,2972.02,Gold
C0528,11146,2493.25,Gold
C0249,9216,1993.7,Silver
C0336,9834,2031.32,Silver
C0330,9725,1516.52,Silver
C0275,9012,1692.55,Silver
C0391,10407,1877.85,Gold
C0178,8276,2238.46,Silver
C0423,10224,2326.25,Gold
C0412,10025,2313.51,Gold
C0084,7034,1960.71,Silver
C0421,10274,2773.85,Gold
C0333,9597,2294.06,Silver
C0427,10658,2398.34,Gold
C0080,7427,1818.66,Silver
C0024,7343,1873.97,Silver
C0250,9276,1952.46,Silver
C0358,9829,1697.59,Silver
C0214,9416,1775.04,Silver
C0261,9495,2377.01,Silver
C0644,13998,2331.12,Gold
C0297,9075,2014.8,Silver
C0272,9267,1837.5,Silver
C0138,8815,2076.77,Silver
C0291,9176,1973.46,Silver
C0034,7313,1808.92,Silver
C0219,9284,1789.03,Silver
C0248,9419,1871.76,Silver
C0010,7121,1844.47,Silver
C0023,7769,1971.93,Silver
C0287,9341,1862.24,Silver
C0588,12130,3302.81,Gold
C0654,12709,2611.94,Gold
C0643,14996,3078.64,Gold
C0085,7205,1674.07,Silver
C0315,9611,1948.92,Silver
C0495,11238,2209.76,Gold
C0487,10827,2416.31,Gold
C0260,9098,1985.75,Silver
C0204,9379,2066.06,Silver
C0197,8669,1851.74,Silver
C0637,14371,2627.23,Gold
C0094,7105,1978.99,Silver
C0278,9354,1858.51,Silver
C0245,9074,1928.79,Silver
C0450,10781,2306.84,Gold
C0611,13297,3043.34,Gold
C0029,7191,2092.17,Silver
C0185,8194,1645.26,Silver
C0539,11708,2610.18,Gold
C0631,12388,2818.58,Gold
C0179,8815,1751.89,Silver
C0378,10317,2161.14,Gold
C0154,8851,1914.3,Silver
C0076,7091,1772.86,Silver
C0382,10310,2790.81,Gold
C0093,7565,2130.6,Silver
C0376,10330,2996.56,Gold
C0069,7013,1624.8,Silver
C0394,10321,2638.38,Gold
C0356,9683,1932.5,Silver
C0532,11547,2932.75,Gold
C0189,8687,2181.64,Silver
C0016,7372,1706.53,Silver
C0364,10453,2602.25,Gold
C0266,9095,1847.48,Silver
C0237,9417,1946.29,Silver
C0232,9263,1908.38,Silver
C0089,7871,1659.72,Silver
C0564,11592,2579.5,Gold
C0118,8610,1907.48,Silver
C0491,10591,2486.34,Gold
C0549,11260,2801.36,Gold
C0239,9104,1946.39,Silver
C0001,7102,1859.79,Silver
C0661,14273,2928.81,Gold
C0513,11499,3011.79,Gold
C0441,10831,2427.92,Gold
C0321,9840,1832.15,Silver
C0117,8297,2024.21,Silver
C0229,9214,1667.62,Silver
C0292,9099,2050.32,Silver
C0581,13466,3175.56,Gold
C0410,10202,2547.11,Gold
C0145,8672,1882.51,Silver
C0542,11745,3136.11,Gold
C0351,9580,1985.24,Silver
C0604,12310,3257.84,Gold
C0464,10845,2006.01,Gold
C0269,9189,2016.64,Silver
C0432,10935,2716.07,Gold
C0047,7782,1866.8,Silver
C0262,9035,1792.38,Silver
C0196,8749,2061.94,Silver
C0668,13389,2816.92,Gold
C0558,11866,2552.89,Gold
C0108,8640,1864.06,Silver
C0429,10727,2380.19,Gold
C0489,10605,2077.61,Gold
C0305,9767,2042.22,Silver
C0507,11287,2580.77,Gold
C0329,9751,1915.81,Silver
C0597,12920,2745.48,Gold
C0313,9812,1865.54,Silver
C0180,8915,1648.1,Silver
C0328,9691,1856.56,Silver
C0150,8967,1905.16,Silver
C0125,8880,2054.89,Silver
C0531,11914,2740.75,Gold
C0578,14419,2924.06,Gold
C0186,8400,1870.13,Silver
C0555,11225,2755.22,Gold
C0370,10276,2311.8,Gold
C0659,13085,2397.92,Gold
C0327,9921,1865.49,Silver
C0617,14032,3081.79,Gold
C0143,8053,1921.19,Silver
C0142,8151,1606.35,Silver
C0614,12813,2928.4,Gold
C0020,7130,1745.31,Silver
C0173,8995,2068.68,Silver
C0543,11385,2226.65,Gold
C0013,7330,1982.77,Silver
C0306,9948,1784.84,Silver
C0026,7413,1806.2,Silver
C0483,10823,2607.42,Gold
C0170,8719,1829.93,Silver
C0444,10910,1789.41,Gold
C0572,13521,3076.98,Gold
C0246,9412,2028.33,Silver
C0299,9661,2045.66,Silver
C0413,10434,2532.76,Gold
C0273,9368,1774.81,Silver
C0155,8253,1993.87,Silver
C0127,8896,1708.75,Silver
C0438,10656,2643.87,Gold
C0288,9396,2071.46,Silver
C0114,8150,1825.34,Silver
C0345,9971,1842.63,Silver
C0174,8160,2129.35,Silver
C0334,9837,1920.94,Silver
C0058,7130,1882.88,Silver
C0523,11329,2907.99,Gold
C0223,9301,1789.67,Silver
C0281,9272,1927.66,Silver
C0018,7871,2020.14,Silver
C0381,10151,2527.62,Gold
C0323,9565,1947.87,Silver
C0256,9407,2137.06,Silver
C0608,12250,3054.89,Gold
C0641,12431,2786.57,Gold
C0191,8954,1865.73,Silver
C0560,11505,2737.29,Gold
C0589,14852,2701.34,Gold
C0534,11699,2691.56,Gold
C0095,7771,1821.66,Silver
C0181,8503,1845.13,Silver
C0302,9758,1952.44,Silver
C0474,10980,2930.87,Gold
C0422,10211,2506.89,Gold
C0574,12726,2593.04,Gold
C0399,10334,2663.43,Gold
C0006,7071,1722.06,Silver
C0046,7975,2030.79,Silver
C0519,11822,2524.79,Gold
C0576,14641,2879.64,Gold
C0488,10626,2734.02,Gold
C0017,7099,1545.52,Silver
C0049,7957,2069.68,Silver
C0647,14864,3180.52,Gold
C0612,13631,3071.56,Gold
C0004,7270,1531.84,Silver
C0447,10742,2596.98,Gold
C0396,10219,2723.55,Gold
C0317,9802,1860.93,Silver
C0284,9083,1833.12,Silver
C0466,10862,2759.96,Gold
C0286,9216,1959.16,Silver
C0426,10896,2434.5,Gold
C0226,9498,1851.15,Silver
C0027,7805,1997.08,Silver
C0527,11084,2587.54,Gold
C0264,9496,1833.12,Silver
C0051,7957,1763.71,Silver
C0365,10228,2135.47,Gold
C0230,9336,1675.54,Silver
C0038,7856,1823.46,Silver
C0158,8509,2238.41,Silver
C0238,9114,1754.51,Silver
C0642,12704,2557.47,Gold
C0375,10349,2235.68,Gold
C0371,10197,2264.93,Gold
C0176,8800,2202.11,Silver
C0619,12317,2851.39,Gold
C0445,10594,2520.02,Gold
C0195,8021,1966.54,Silver
C0633,14050,2723.79,Gold
C0484,10632,2407.0,Gold
C0646,12398,2853.73,Gold
C0573,12826,3140.64,Gold
C0068,7315,1515.42,Silver
C0409,10334,2449.81,Gold
C0169,8162,1826.83,Silver
C0437,10760,2282.47,Gold
C0163,8913,2088.08,Silver
C0310,9977,2158.16,Silver
C0194,8374,2333.77,Silver
C0457,10829,2754.62,Gold
C0366,10376,2474.53,Gold
C0384,10246,2437.41,Gold
C0551,11933,2605.46,Gold
C0153,8103,2184.91,Silver
C0418,10409,2507.32,Gold
C0430,10864,2373.57,Gold
C0227,9241,1858.15,Silver
C0446,10614,2672.32,Gold
C0537,11896,2235.85,Gold
C0104,8639,1883.47,Silver
C0502,11417,2430.29,Gold
C0075,7339,1906.95,Silver
C0116,8989,1793.05,Silver
C0408,10193,2479.15,Gold
C0645,14632,2596.3,Gold
C0120,8763,2223.2,Silver
C0498,11050,1840.08,Gold
C0152,8421,1826.72,Silver
C0404,10485,2608.37,Gold
C0630,12339,2810.27,Gold
C0208,9178,1713.23,Silver
C0425,10793,2323.79,Gold
C0452,10782,2301.28,Gold
C0435,10656,2087.32,Gold
C0517,11909,2318.82,Gold
C0009,7614,1614.24,Silver
C0486,10792,2511.01,Gold
C0037,7747,1984.44,Silver
C0140,8130,1923.3,Silver
C0254,9356,2047.11,Silver
C0304,9805,2101.93,Silver
C0587,13121,2931.1,Gold
C0501,11263,2203.62,Gold
C0369,10149,2374.2,Gold
C0060,7818,1767.38,Silver
C0112,8472,2036.86,Silver
C0454,10647,2111.79,Gold
C0660,13868,2989.93,Gold
C0458,10859,2523.64,Gold
C0263,9465,1786.25,Silver
C0640,12292,2467.71,Gold
C0298,9264,1804.05,Silver
C0415,10299,2642.79,Gold
C0151,8419,1721.2,Silver
C0434,10514,2299.09,Gold
C0267,9151,1801.97,Silver
C0580,12401,2333.17,Gold
C0360,9839,2346.16,Silver
C0592,12182,2548.99,Gold
C0039,7560,1722.74,Silver
C0128,8303,2151.2,Silver
C0424,10019,2609.82,Gold
C0417,10325,2292.54,Gold
C0308,9735,1761.33,Silver
C0199,8229,2012.31,Silver
C0352,9632,1800.33,Silver
C0657,13325,2817.05,Gold
C0147,8627,1551.97,Silver
C0451,10798,2255.09,Gold
C0620,12244,2641.83,Gold
C0650,14041,3267.32,Gold
C0420,10323,2213.1,Gold
C0443,10629,2094.17,Gold
C0594,12038,3243.5,Gold
C0148,8586,1957.53,Silver
C0526,11150,2297.66,Gold
C0349,9605,1968.43,Silver
C0326,9602,2119.23,Silver
C0624,13771,2762.77,Gold
C0124,8571,1899.71,Silver
C0605,12738,2910.58,Gold
C0097,8147,2056.07,Silver
C0144,8119,1728.23,Silver
C0240,9390,1893.71,Silver
C0395,10467,2349.72,Gold
C0496,11228,2519.03,Gold
C0098,8863,1844.72,Silver
C0372,10069,2593.22,Gold
C0325,9934,2090.99,Silver
C0280,9285,2214.01,Silver
C0294,9444,1730.69,Silver
C0255,9456,2232.97,Silver
C0401,10117,2029.16,Gold
C0123,8623,2089.85,Silver
C0184,8134,1713.74,Silver
C0203,9162,1968.91,Silver
C0439,10546,2597.88,Gold
C0324,9574,1926.47,Silver
C0247,9375,2084.58,Silver
C0416,10132,2429.78,Gold
C0198,8037,1901.51,Silver
C0544,11706,2211.07,Gold
C0557,11939,2560.13,Gold
C0172,8680,1585.29,Silver
C0591,14983,2370.69,Gold
C0500,11603,2819.57,Gold
C0126,8001,2091.51,Silver
C0403,10093,2352.36,Gold
C0529,11623,2760.23,Gold
C0582,12614,3243.87,Gold
C0224,9385,1997.52,Silver
C0548,11531,3137.24,Gold
C0343,9665,1821.0,Silver
C0054,7566,1753.06,Silver
C0220,9396,1887.33,Silver
C0130,8651,1775.86,Silver
C0607,14461,2912.43,Gold
C0535,11081,2102.53,Gold
C0187,8639,1512.95,Silver
C0610,13804,2889.5,Gold
C0440,10823,2807.07,Gold
C0508,11119,2884.58,Gold
C0101,8488,2406.81,Silver
C0516,11468,2318.04,Gold
C0387,10030,2333.25,Gold
C0648,12963,2731.92,Gold
C0295,9232,1650.85,Silver
C0510,11490,2896.59,Gold
C0268,9150,1979.33,Silver
C0442,10672,2245.01,Gold
C0497,11578,3131.01,Gold
C0113,8945,2087.61,Silver
C0233,9092,2010.63,Silver
C0579,12934,2805.8,Gold
C0374,10003,2595.96,Gold
C0234,9409,2237.69,Silver
C0530,11380,2518.22,Gold
C0318,9906,1734.02,Silver
C0411,10391,2199.17,Gold
C0596,13372,2811.54,Gold
C0359,9772,2152.46,Silver
C0259,9176,2120.1,Silver
C0283,9061,1639.09,Silver
C0377,10445,1983.37,Gold
C0385,10386,2266.72,Gold
C0225,9252,1997.77,Silver
C0635,12375,2917.17,Gold
C0546,11118,2370.41,Gold
C0473,10972,2538.23,Gold
C0348,9746,2143.68,Silver
C0506,11077,2843.61,Gold
C0658,12010,2594.88,Gold
C0618,12476,2525.34,Gold
C0568,12628,2603.98,Gold
C0086,7080,2071.89,Silver
C0243,9113,2051.27,Silver
C0160,8098,2046.64,Silver
C0525,11672,2077.03,Gold
C0036,7252,2009.73,Silver
C0541,11522,2427.57,Gold
C0171,8956,1950.06,Silver
C0570,14930,2597.24,Gold
C0609,12758,2975.63,Gold
C0629,12920,2665.36,Gold
C0096,8146,1820.91,Silver
C0241,9195,2012.93,Silver
C0461,10699,2217.06,Gold
C0584,13182,2643.38,Gold
C0207,9444,1753.83,Silver
C0393,10005,2344.88,Gold
C0398,10003,1872.49,Gold
C0634,13165,2826.73,Gold
C0218,9043,1921.32,Silver
C0005,7106,1960.81,Silver
C0595,14544,2607.66,Gold
C0547,11395,2309.1,Gold
C0099,8710,2118.57,Silver
C0407,10440,2196.76,Gold
C0503,11802,2294.82,Gold
C0048,7189,1877.24,Silver
C0033,7459,1747.45,Silver
C0201,9395,2013.21,Silver
C0135,8232,2161.66,Silver
C0028,7385,1964.8,Silver
C0586,14235,2841.98,Gold
C0231,9089,1809.9,Silver
C0490,10996,2564.57,Gold
C0379,10349,2450.9,Gold
C0289,9186,1741.81,Silver
C0419,10117,2146.97,Gold
C0392,10222,2496.95,Gold
C0499,11608,2771.78,Gold
C0139,8207,1933.9,Silver
C0063,7840,1859.12,Silver
C0472,10709,2653.83,Gold
C0129,8253,2061.07,Silver
C0651,13828,2351.8,Gold
C0521,11977,2852.48,Gold
C0065,7273,1648.36,Silver
C0015,7087,1782.3,Silver
C0157,8111,2341.53,Silver
C0041,7058,1676.35,Silver
C0493,11053,2622.54,Gold
C0380,10094,2431.54,Gold
C0188,8032,1644.26,Silver
C0217,9042,2140.15,Silver
C0053,7875,1773.29,Silver
C0338,9934,2190.56,Silver
C0296,9402,2199.15,Silver
C0252,9163,1799.26,Silver
C0462,10522,2202.75,Gold
C0456,10753,2586.5,Gold
C0666,13333,2559.73,Gold
C0270,9223,2315.85,Silver
C0202,9177,1924.62,Silver
C0162,8860,1973.55,Silver
C0556,11052,2787.21,Gold
C0402,10368,2413.87,Gold
C0477,10815,2874.75,Gold
C0106,8337,2074.69,Silver
C0566,12390,3466.64,Gold
C0390,10035,2659.42,Gold
C0002,7435,1980.48,Silver
C0625,13262,2376.04,Gold
C0562,11363,2581.12,Gold
C0081,7508,1959.65,Silver
C0206,9416,2358.02,Silver
C0035,7021,1561.79,Silver
C0509,11813,2547.9,Gold
C0428,10802,2363.37,Gold
C0455,10510,2470.82,Gold
C0367,10288,3080.89,Gold
C0092,7389,1988.02,Silver
C0340,9981,1781.76,Silver
C0565,11713,2231.0,Gold
C0346,9834,1756.94,Silver
C0242,9313,1788.69,Silver
C0014,7458,1957.41,Silver
C0316,9754,1766.06,Silver
C0601,13449,2615.4,Gold
C0388,10039,2333.11,Gold
C0274,9182,2045.92,Silver
C0167,8705,1744.13,Silver
C0663,12771,3257.83,Gold
C0485,10875,2830.91,Gold
C0653,12938,2871.0,Gold
C0505,11087,2831.27,Gold
C0244,9492,2248.88,Silver
C0567,12334,2574.62,Gold
C0563,11279,2470.86,Gold
C0190,8459,2140.1,Silver
C0476,10603,3173.42,Gold
C0511,11911,2512.08,Gold
C0059,7484,1748.02,Silver
C0475,10610,2099.4,Gold
C0561,11853,2477.75,Gold
C0253,9393,1954.78,Silver
C0022,7308,1656.53,Silver
C0314,9900,1813.8,Silver
C0460,10633,2516.92,Gold
C0161,8152,1892.86,Silver
C0277,9216,2179.99,Silver
C0192,8882,1801.99,Silver
C0386,10242,2551.79,Gold
C0414,10172,2710.61,Gold
C0492,11327,2190.23,Gold
C0344,9980,1689.82,Silver
C0309,9888,1957.65,Silver
C0131,8452,1947.54,Silver
C0100,8819,1991.67,Silver
C0373,10111,2676.63,Gold
C0088,7561,2073.4,Silver
C0459,10537,2147.77,Gold
C0331,9793,1671.51,Silver
C0215,9167,1964.78,Silver
C0467,10895,3039.61,Gold
C0122,8345,1737.11,Silver
C0615,12028,2704.04,Gold
C0021,7661,2034.71,Silver
C0072,7345,1741.27,Silver
C0107,8871,1897.93,Silver
C0271,9036,2135.33,Silver
C0436,10635,2831.04,Gold
C0103,8935,1624.19,Silver
