host_id,signup_month,churned_month_offset
H0001,2026-01,
H0002,2026-01,
H0003,2026-01,
H0004,2026-01,
H0005,2026-01,4
H0006,2026-01,4
H0007,2026-01,2
H0008,2026-01,
H0009,2026-01,
H0010,2026-01,
H0011,2026-01,1
H0012,2026-01,
H0013,2026-01,
H0014,2026-01,5
H0015,2026-01,4
H0016,2026-01,4
H0017,2026-01,
H0018,2026-01,
H0019,2026-01,
H0020,2026-01,
H0021,2026-01,
H0022,2026-01,3
H0023,2026-01,
H0024,2026-01,
H0025,2026-01,
H0026,2026-01,
H0027,2026-01,5
H0028,2026-01,
H0029,2026-01,
H0030,2026-01,1
H0031,2026-01,
H0032,2026-01,4
H0033,2026-01,2
H0034,2026-01,
H0035,2026-01,
H0036,2026-01,
H0037,2026-01,
H0038,2026-01,2
H0039,2026-01,
H0040,2026-01,
H0041,2026-01,3
H0042,2026-01,
H0043,2026-01,1
H0044,2026-01,
H0045,2026-01,
H0046,2026-01,
H0047,2026-01,
H0048,2026-01,
H0049,2026-01,
H0050,2026-01,4
H0051,2026-01,
H0052,2026-01,
H0053,2026-01,
H0054,2026-01,
H0055,2026-01,
H0056,2026-01,
H0057,2026-01,2
H0058,2026-01,5
H0059,2026-01,1
H0060,2026-01,
H0061,2026-01,
H0062,2026-01,
H0063,2026-01,
H0064,2026-01,
H0065,2026-01,
H0066,2026-01,
H0067,2026-01,3
H0068,2026-01,
H0069,2026-01,2
H0070,2026-01,
H0071,2026-01,
H0072,2026-01,5
H0073,2026-01,1
H0074,2026-01,
H0075,2026-01,
H0076,2026-01,
H0077,2026-01,
H0078,2026-01,2
H0079,2026-01,
H0080,2026-01,3
H0081,2026-01,
H0082,2026-01,
H0083,2026-01,
H0084,2026-01,2
H0085,2026-01,
H0086,2026-01,
H0087,2026-01,
H0088,2026-01,
H0089,2026-01,
H0090,2026-01,
H0091,2026-01,3
H0092,2026-01,
H0093,2026-01,
H0094,2026-01,
H0095,2026-01,
H0096,2026-01,
H0097,2026-01,
H0098,2026-01,
H0099,2026-01,1
H0100,2026-01,3
H0101,2026-01,1
H0102,2026-01,
H0103,2026-01,
H0104,2026-01,
H0105,2026-01,
H0106,2026-01,6
H0107,2026-01,
H0108,2026-01,
H0109,2026-01,6
H0110,2026-01,2
H0111,2026-01,
H0112,2026-01,4
H0113,2026-01,
H0114,2026-01,
H0115,2026-01,
H0116,2026-01,
H0117,2026-01,
H0118,2026-01,4
H0119,2026-01,
H0120,2026-01,
H0121,2026-01,
H0122,2026-01,
H0123,2026-01,
H0124,2026-01,3
H0125,2026-01,6
H0126,2026-01,
H0127,2026-01,
H0128,2026-01,
H0129,2026-01,1
H0130,2026-01,
H0131,2026-01,
H0132,2026-01,6
H0133,2026-01,3
H0134,2026-01,
H0135,2026-01,
H0136,2026-01,
H0137,2026-01,
H0138,2026-01,
H0139,2026-01,
H0140,2026-01,
H0141,2026-01,
H0142,2026-01,
H0143,2026-01,
H0144,2026-01,
H0145,2026-01,
H0146,2026-01,1
H0147,2026-01,
H0148,2026-01,
H0149,2026-01,2
H0150,2026-01,
H0151,2026-01,
H0152,2026-01,6
H0153,2026-01,3
H0154,2026-01,
H0155,2026-01,
H0156,2026-01,6
H0157,2026-01,
H0158,2026-01,
H0159,2026-01,6
H0160,2026-01,
H0161,2026-01,
H0162,2026-01,
H0163,2026-01,
H0164,2026-01,
H0165,2026-01,2
H0166,2026-01,
H0167,2026-01,
H0168,2026-01,4
H0169,2026-01,1
H0170,2026-01,
H0171,2026-01,
H0172,2026-01,1
H0173,2026-01,
H0174,2026-01,6
H0175,2026-01,
H0176,2026-01,4
H0177,2026-01,
H0178,2026-01,
H0179,2026-01,
H0180,2026-01,3
H0181,2026-01,
H0182,2026-01,3
H0183,2026-01,
H0184,2026-01,
H0185,2026-01,
H0186,2026-01,
H0187,2026-01,
H0188,2026-01,
H0189,2026-01,
H0190,2026-01,6
H0191,2026-01,2
H0192,2026-01,
H0193,2026-01,
H0194,2026-01,
H0195,2026-01,
H0196,2026-01,
H0197,2026-01,
H0198,2026-01,
H0199,2026-01,
H0200,2026-01,
H0201,2026-01,
H0202,2026-01,2
H0203,2026-01,4
H0204,2026-01,
H0205,2026-01,
H0206,2026-01,1
H0207,2026-01,3
H0208,2026-01,
H0209,2026-01,1
H0210,2026-01,4
H0211,2026-01,
H0212,2026-01,
H0213,2026-01,
H0214,2026-01,6
H0215,2026-01,
H0216,2026-01,6
H0217,2026-01,
H0218,2026-01,
H0219,2026-01,
H0220,2026-01,
H0221,2026-01,
H0222,2026-01,
H0223,2026-01,2
H0224,2026-01,
H0225,2026-01,
H0226,2026-01,6
H0227,2026-01,
H0228,2026-01,
H0229,2026-01,
H0230,2026-01,
H0231,2026-01,
H0232,2026-01,
H0233,2026-01,
H0234,2026-01,
H0235,2026-01,5
H0236,2026-01,
H0237,2026-01,
H0238,2026-01,1
H0239,2026-01,
H0240,2026-01,4
H0241,2026-01,
H0242,2026-01,
H0243,2026-01,
H0244,2026-01,
H0245,2026-01,1
H0246,2026-01,
H0247,2026-01,
H0248,2026-01,
H0249,2026-01,
H0250,2026-01,
H0251,2026-01,
H0252,2026-01,
H0253,2026-01,
H0254,2026-01,
H0255,2026-01,4
H0256,2026-01,
H0257,2026-01,
H0258,2026-01,
H0259,2026-01,
H0260,2026-01,2
H0261,2026-01,
H0262,2026-01,
H0263,2026-01,3
H0264,2026-01,
H0265,2026-01,
H0266,2026-01,
H0267,2026-01,
H0268,2026-01,
H0269,2026-01,
H0270,2026-01,
H0271,2026-01,
H0272,2026-01,
H0273,2026-01,
H0274,2026-01,
H0275,2026-01,
H0276,2026-01,
H0277,2026-01,
H0278,2026-01,
H0279,2026-01,
H0280,2026-01,
H0281,2026-01,
H0282,2026-01,
H0283,2026-01,
H0284,2026-01,2
H0285,2026-01,
H0286,2026-01,1
H0287,2026-01,
H0288,2026-01,
H0289,2026-01,
H0290,2026-01,
H0291,2026-01,1
H0292,2026-01,1
H0293,2026-01,
H0294,2026-01,
H0295,2026-01,3
H0296,2026-01,
H0297,2026-01,
H0298,2026-01,5
H0299,2026-01,
H0300,2026-01,2
H0301,2026-01,2
H0302,2026-01,
H0303,2026-01,
H0304,2026-01,
H0305,2026-01,
H0306,2026-01,
H0307,2026-01,
H0308,2026-01,
H0309,2026-01,
H0310,2026-01,
H0311,2026-01,
H0312,2026-01,2
H0313,2026-01,1
H0314,2026-01,
H0315,2026-01,
H0316,2026-01,
H0317,2026-01,
H0318,2026-01,4
H0319,2026-01,4
H0320,2026-01,
H0321,2026-01,
H0322,2026-01,
H0323,2026-01,
H0324,2026-01,
H0325,2026-01,
H0326,2026-01,
H0327,2026-01,
H0328,2026-01,
H0329,2026-01,
H0330,2026-01,6
H0331,2026-01,
H0332,2026-01,
H0333,2026-01,1
H0334,2026-01,3
H0335,2026-01,1
H0336,2026-01,1
H0337,2026-01,
H0338,2026-01,
H0339,2026-01,
H0340,2026-01,2
H0341,2026-01,
H0342,2026-01,
H0343,2026-01,4
H0344,2026-01,
H0345,2026-01,
H0346,2026-01,
H0347,2026-01,
H0348,2026-01,1
H0349,2026-01,
H0350,2026-01,
H0351,2026-01,
H0352,2026-01,
H0353,2026-01,
H0354,2026-01,4
H0355,2026-01,2
H0356,2026-01,
H0357,2026-01,1
H0358,2026-01,
H0359,2026-01,
H0360,2026-01,
H0361,2026-01,
H0362,2026-01,
H0363,2026-01,
H0364,2026-01,
H0365,2026-01,
H0366,2026-01,
H0367,2026-01,
H0368,2026-01,
H0369,2026-01,5
H0370,2026-01,2
H0371,2026-01,3
H0372,2026-01,1
H0373,2026-01,2
H0374,2026-01,
H0375,2026-01,2
H0376,2026-01,
H0377,2026-01,
H0378,2026-01,1
H0379,2026-01,
H0380,2026-01,
H0381,2026-01,3
H0382,2026-01,
H0383,2026-01,
H0384,2026-01,
H0385,2026-01,
H0386,2026-01,
H0387,2026-01,
H0388,2026-01,4
H0389,2026-01,
H0390,2026-01,
H0391,2026-01,
H0392,2026-01,
H0393,2026-01,
H0394,2026-01,
H0395,2026-01,
H0396,2026-01,
H0397,2026-01,
H0398,2026-01,
H0399,2026-01,
H0400,2026-01,
H0401,2026-01,3
H0402,2026-01,
H0403,2026-01,
H0404,2026-01,
H0405,2026-01,
H0406,2026-01,
H0407,2026-01,
H0408,2026-01,1
H0409,2026-01,
H0410,2026-01,2
H0411,2026-01,
H0412,2026-01,
H0413,2026-01,
H0414,2026-01,
H0415,2026-01,
H0416,2026-01,
H0417,2026-01,
H0418,2026-01,
H0419,2026-01,
H0420,2026-01,
H0421,2026-01,
H0422,2026-01,
H0423,2026-01,2
H0424,2026-01,
H0425,2026-01,2
H0426,2026-01,
H0427,2026-01,
H0428,2026-01,
H0429,2026-01,
H0430,2026-01,3
H0431,2026-01,3
H0432,2026-01,
H0433,2026-01,
H0434,2026-01,3
H0435,2026-01,2
H0436,2026-01,
H0437,2026-01,2
H0438,2026-01,
H0439,2026-01,
H0440,2026-01,2
H0441,2026-01,2
H0442,2026-01,
H0443,2026-01,
H0444,2026-01,
H0445,2026-01,
H0446,2026-01,
H0447,2026-01,
H0448,2026-01,
H0449,2026-01,
H0450,2026-01,2
H0451,2026-01,
H0452,2026-01,
H0453,2026-01,
H0454,2026-01,
H0455,2026-01,3
H0456,2026-01,
H0457,2026-01,1
H0458,2026-01,
H0459,2026-01,2
H0460,2026-01,3
H0461,2026-01,3
H0462,2026-01,
H0463,2026-01,
H0464,2026-01,
H0465,2026-01,
H0466,2026-01,
H0467,2026-01,
H0468,2026-01,
H0469,2026-01,6
H0470,2026-01,
H0471,2026-01,1
H0472,2026-01,
H0473,2026-01,1
H0474,2026-01,
H0475,2026-01,
H0476,2026-01,
H0477,2026-01,2
H0478,2026-01,
H0479,2026-01,
H0480,2026-01,
H0481,2026-01,
H0482,2026-01,
H0483,2026-01,
H0484,2026-01,
H0485,2026-01,
H0486,2026-01,
H0487,2026-01,1
H0488,2026-01,
H0489,2026-01,
H0490,2026-01,
H0491,2026-01,
H0492,2026-01,
H0493,2026-01,
H0494,2026-01,4
H0495,2026-01,
H0496,2026-01,
H0497,2026-01,
H0498,2026-01,2
H0499,2026-01,
H0500,2026-01,
H0501,2026-01,
H0502,2026-01,
H0503,2026-01,
H0504,2026-01,
H0505,2026-01,
H0506,2026-01,4
H0507,2026-01,
H0508,2026-01,
H0509,2026-01,
H0510,2026-01,
H0511,2026-01,
H0512,2026-01,
H0513,2026-01,
H0514,2026-01,
H0515,2026-01,1
H0516,2026-01,1
H0517,2026-01,
H0518,2026-01,
H0519,2026-01,
H0520,2026-01,4
H0521,2026-01,
H0522,2026-01,
H0523,2026-01,
H0524,2026-01,
H0525,2026-01,
H0526,2026-01,
H0527,2026-01,
H0528,2026-01,
H0529,2026-01,2
H0530,2026-01,
H0531,2026-01,
H0532,2026-01,
H0533,2026-01,
H0534,2026-01,
H0535,2026-01,
H0536,2026-01,
H0537,2026-01,
H0538,2026-01,6
H0539,2026-01,
H0540,2026-01,3
H0541,2026-01,
H0542,2026-01,
H0543,2026-01,6
H0544,2026-01,
H0545,2026-01,
H0546,2026-01,
H0547,2026-01,3
H0548,2026-01,
H0549,2026-01,
H0550,2026-01,
H0551,2026-01,
H0552,2026-01,
H0553,2026-01,
H0554,2026-01,
H0555,2026-01,
H0556,2026-01,
H0557,2026-01,3
H0558,2026-01,1
H0559,2026-01,
H0560,2026-01,
H0561,2026-01,
H0562,2026-01,5
H0563,2026-01,3
H0564,2026-01,1
H0565,2026-01,
H0566,2026-01,
H0567,2026-01,
H0568,2026-01,
H0569,2026-01,
H0570,2026-01,
H0571,2026-01,
H0572,2026-01,
H0573,2026-01,
H0574,2026-01,
H0575,2026-01,
H0576,2026-01,
H0577,2026-01,3
H0578,2026-01,
H0579,2026-01,
H0580,2026-01,
H0581,2026-01,
H0582,2026-01,
H0583,2026-01,
H0584,2026-01,
H0585,2026-01,
H0586,2026-01,6
H0587,2026-01,2
H0588,2026-01,3
H0589,2026-01,3
H0590,2026-01,4
H0591,2026-01,3
H0592,2026-01,
H0593,2026-01,4
H0594,2026-01,
H0595,2026-01,
H0596,2026-01,
H0597,2026-01,
H0598,2026-01,4
H0599,2026-01,5
H0600,2026-01,1
H0601,2026-02,4
H0602,2026-02,
H0603,2026-02,4
H0604,2026-02,2
H0605,2026-02,3
H0606,2026-02,
H0607,2026-02,5
H0608,2026-02,
H0609,2026-02,
H0610,2026-02,
H0611,2026-02,1
H0612,2026-02,
H0613,2026-02,
H0614,2026-02,2
H0615,2026-02,
H0616,2026-02,
H0617,2026-02,2
H0618,2026-02,
H0619,2026-02,
H0620,2026-02,
H0621,2026-02,4
H0622,2026-02,5
H0623,2026-02,
H0624,2026-02,
H0625,2026-02,
H0626,2026-02,
H0627,2026-02,
H0628,2026-02,
H0629,2026-02,1
H0630,2026-02,
H0631,2026-02,
H0632,2026-02,
H0633,2026-02,
H0634,2026-02,
H0635,2026-02,2
H0636,2026-02,
H0637,2026-02,
H0638,2026-02,
H0639,2026-02,
H0640,2026-02,
H0641,2026-02,1
H0642,2026-02,
H0643,2026-02,5
H0644,2026-02,
H0645,2026-02,3
H0646,2026-02,
H0647,2026-02,
H0648,2026-02,
H0649,2026-02,
H0650,2026-02,
H0651,2026-02,2
H0652,2026-02,
H0653,2026-02,
H0654,2026-02,
H0655,2026-02,
H0656,2026-02,3
H0657,2026-02,
H0658,2026-02,
H0659,2026-02,
H0660,2026-02,
H0661,2026-02,
H0662,2026-02,
H0663,2026-02,
H0664,2026-02,
H0665,2026-02,2
H0666,2026-02,3
H0667,2026-02,
H0668,2026-02,4
H0669,2026-02,4
H0670,2026-02,
H0671,2026-02,4
H0672,2026-02,
H0673,2026-02,2
H0674,2026-02,
H0675,2026-02,
H0676,2026-02,
H0677,2026-02,3
H0678,2026-02,
H0679,2026-02,
H0680,2026-02,
H0681,2026-02,
H0682,2026-02,
H0683,2026-02,4
H0684,2026-02,
H0685,2026-02,
H0686,2026-02,
H0687,2026-02,
H0688,2026-02,
H0689,2026-02,
H0690,2026-02,4
H0691,2026-02,
H0692,2026-02,
H0693,2026-02,
H0694,2026-02,
H0695,2026-02,3
H0696,2026-02,
H0697,2026-02,
H0698,2026-02,
H0699,2026-02,3
H0700,2026-02,
H0701,2026-02,
H0702,2026-02,1
H0703,2026-02,
H0704,2026-02,3
H0705,2026-02,2
H0706,2026-02,
H0707,2026-02,
H0708,2026-02,
H0709,2026-02,
H0710,2026-02,
H0711,2026-02,
H0712,2026-02,
H0713,2026-02,
H0714,2026-02,
H0715,2026-02,
H0716,2026-02,
H0717,2026-02,
H0718,2026-02,
H0719,2026-02,3
H0720,2026-02,
H0721,2026-02,
H0722,2026-02,4
H0723,2026-02,2
H0724,2026-02,
H0725,2026-02,
H0726,2026-02,
H0727,2026-02,3
H0728,2026-02,
H0729,2026-02,5
H0730,2026-02,4
H0731,2026-02,4
H0732,2026-02,
H0733,2026-02,
H0734,2026-02,
H0735,2026-02,
H0736,2026-02,
H0737,2026-02,
H0738,2026-02,
H0739,2026-02,
H0740,2026-02,
H0741,2026-02,
H0742,2026-02,
H0743,2026-02,
H0744,2026-02,
H0745,2026-02,
H0746,2026-02,
H0747,2026-02,
H0748,2026-02,
H0749,2026-02,
H0750,2026-02,
H0751,2026-02,3
H0752,2026-02,
H0753,2026-02,
H0754,2026-02,
H0755,2026-02,3
H0756,2026-02,
H0757,2026-02,
H0758,2026-02,
H0759,2026-02,
H0760,2026-02,
H0761,2026-02,3
H0762,2026-02,
H0763,2026-02,
H0764,2026-02,
H0765,2026-02,1
H0766,2026-02,
H0767,2026-02,
H0768,2026-02,
H0769,2026-02,
H0770,2026-02,
H0771,2026-02,3
H0772,2026-02,
H0773,2026-02,3
H0774,2026-02,
H0775,2026-02,
H0776,2026-02,3
H0777,2026-02,5
H0778,2026-02,
H0779,2026-02,
H0780,2026-02,
H0781,2026-02,
H0782,2026-02,
H0783,2026-02,
H0784,2026-02,
H0785,2026-02,4
H0786,2026-02,
H0787,2026-02,
H0788,2026-02,
H0789,2026-02,
H0790,2026-02,
H0791,2026-02,3
H0792,2026-02,
H0793,2026-02,
H0794,2026-02,
H0795,2026-02,1
H0796,2026-02,
H0797,2026-02,
H0798,2026-02,
H0799,2026-02,
H0800,2026-02,
H0801,2026-02,
H0802,2026-02,3
H0803,2026-02,
H0804,2026-02,
H0805,2026-02,
H0806,2026-02,
H0807,2026-02,
H0808,2026-02,
H0809,2026-02,
H0810,2026-02,3
H0811,2026-02,
H0812,2026-02,
H0813,2026-02,3
H0814,2026-02,
H0815,2026-02,
H0816,2026-02,
H0817,2026-02,
H0818,2026-02,
H0819,2026-02,1
H0820,2026-02,
H0821,2026-02,
H0822,2026-02,1
H0823,2026-02,
H0824,2026-02,
H0825,2026-02,
H0826,2026-02,
H0827,2026-02,
H0828,2026-02,
H0829,2026-02,
H0830,2026-02,
H0831,2026-02,5
H0832,2026-02,
H0833,2026-02,3
H0834,2026-02,4
H0835,2026-02,
H0836,2026-02,
H0837,2026-02,
H0838,2026-02,
H0839,2026-02,
H0840,2026-02,
H0841,2026-02,1
H0842,2026-02,
H0843,2026-02,4
H0844,2026-02,
H0845,2026-02,3
H0846,2026-02,
H0847,2026-02,2
H0848,2026-02,
H0849,2026-02,
H0850,2026-02,
H0851,2026-02,2
H0852,2026-02,
H0853,2026-02,5
H0854,2026-02,
H0855,2026-02,5
H0856,2026-02,4
H0857,2026-02,1
H0858,2026-02,
H0859,2026-02,
H0860,2026-02,2
H0861,2026-02,
H0862,2026-02,
H0863,2026-02,
H0864,2026-02,
H0865,2026-02,
H0866,2026-02,
H0867,2026-02,3
H0868,2026-02,4
H0869,2026-02,
H0870,2026-02,
H0871,2026-02,
H0872,2026-02,
H0873,2026-02,
H0874,2026-02,
H0875,2026-02,1
H0876,2026-02,3
H0877,2026-02,
H0878,2026-02,
H0879,2026-02,1
H0880,2026-02,5
H0881,2026-02,
H0882,2026-02,
H0883,2026-02,1
H0884,2026-02,2
H0885,2026-02,
H0886,2026-02,4
H0887,2026-02,
H0888,2026-02,
H0889,2026-02,2
H0890,2026-02,
H0891,2026-02,
H0892,2026-02,
H0893,2026-02,
H0894,2026-02,
H0895,2026-02,
H0896,2026-02,5
H0897,2026-02,
H0898,2026-02,
H0899,2026-02,1
H0900,2026-02,2
H0901,2026-02,5
H0902,2026-02,1
H0903,2026-02,4
H0904,2026-02,
H0905,2026-02,
H0906,2026-02,
H0907,2026-02,
H0908,2026-02,
H0909,2026-02,
H0910,2026-02,
H0911,2026-02,
H0912,2026-02,
H0913,2026-02,
H0914,2026-02,
H0915,2026-02,
H0916,2026-02,
H0917,2026-02,
H0918,2026-02,
H0919,2026-02,
H0920,2026-02,3
H0921,2026-02,
H0922,2026-02,
H0923,2026-02,
H0924,2026-02,
H0925,2026-02,
H0926,2026-02,1
H0927,2026-02,
H0928,2026-02,
H0929,2026-02,
H0930,2026-02,
H0931,2026-02,3
H0932,2026-02,
H0933,2026-02,
H0934,2026-02,
H0935,2026-02,4
H0936,2026-02,
H0937,2026-02,1
H0938,2026-02,
H0939,2026-02,3
H0940,2026-02,
H0941,2026-02,
H0942,2026-02,
H0943,2026-02,
H0944,2026-02,
H0945,2026-02,5
H0946,2026-02,1
H0947,2026-02,3
H0948,2026-02,
H0949,2026-02,
H0950,2026-02,
H0951,2026-02,
H0952,2026-02,
H0953,2026-02,4
H0954,2026-02,
H0955,2026-02,
H0956,2026-02,
H0957,2026-02,
H0958,2026-02,1
H0959,2026-02,4
H0960,2026-02,
H0961,2026-02,2
H0962,2026-02,
H0963,2026-02,
H0964,2026-02,
H0965,2026-02,
H0966,2026-02,
H0967,2026-02,
H0968,2026-02,
H0969,2026-02,
H0970,2026-02,
H0971,2026-02,
H0972,2026-02,
H0973,2026-02,
H0974,2026-02,5
H0975,2026-02,1
H0976,2026-02,
H0977,2026-02,
H0978,2026-02,1
H0979,2026-02,
H0980,2026-02,
H0981,2026-02,
H0982,2026-02,
H0983,2026-02,2
H0984,2026-02,2
H0985,2026-02,
H0986,2026-02,
H0987,2026-02,
H0988,2026-02,
H0989,2026-02,
H0990,2026-02,
H0991,2026-02,
H0992,2026-02,
H0993,2026-02,
H0994,2026-02,
H0995,2026-02,
H0996,2026-02,2
H0997,2026-02,
H0998,2026-02,3
H0999,2026-02,
H1000,2026-02,
H1001,2026-02,4
H1002,2026-02,
H1003,2026-02,
H1004,2026-02,
H1005,2026-02,
H1006,2026-02,
H1007,2026-02,
H1008,2026-02,
H1009,2026-02,
H1010,2026-02,
H1011,2026-02,5
H1012,2026-02,
H1013,2026-02,
H1014,2026-02,1
H1015,2026-02,
H1016,2026-02,
H1017,2026-02,4
H1018,2026-02,
H1019,2026-02,
H1020,2026-02,1
H1021,2026-02,
H1022,2026-02,
H1023,2026-02,
H1024,2026-02,
H1025,2026-02,
H1026,2026-02,
H1027,2026-02,
H1028,2026-02,
H1029,2026-02,
H1030,2026-02,
H1031,2026-02,1
H1032,2026-02,
H1033,2026-02,
H1034,2026-02,3
H1035,2026-02,2
H1036,2026-02,
H1037,2026-02,
H1038,2026-02,
H1039,2026-02,2
H1040,2026-02,
H1041,2026-02,
H1042,2026-02,
H1043,2026-02,
H1044,2026-02,
H1045,2026-02,
H1046,2026-02,
H1047,2026-02,
H1048,2026-02,1
H1049,2026-02,
H1050,2026-02,1
H1051,2026-02,
H1052,2026-02,
H1053,2026-02,
H1054,2026-02,
H1055,2026-02,
H1056,2026-02,
H1057,2026-02,
H1058,2026-02,
H1059,2026-02,
H1060,2026-02,
H1061,2026-02,
H1062,2026-02,
H1063,2026-02,
H1064,2026-02,
H1065,2026-02,
H1066,2026-02,
H1067,2026-02,
H1068,2026-02,3
H1069,2026-02,
H1070,2026-02,
H1071,2026-02,
H1072,2026-02,
H1073,2026-02,1
H1074,2026-02,1
H1075,2026-02,
H1076,2026-02,
H1077,2026-02,
H1078,2026-02,
H1079,2026-02,5
H1080,2026-02,
H1081,2026-02,
H1082,2026-02,2
H1083,2026-02,
H1084,2026-02,
H1085,2026-02,
H1086,2026-02,
H1087,2026-02,
H1088,2026-02,4
H1089,2026-02,
H1090,2026-02,
H1091,2026-02,
H1092,2026-02,
H1093,2026-02,
H1094,2026-02,
H1095,2026-02,
H1096,2026-02,4
H1097,2026-02,5
H1098,2026-02,4
H1099,2026-02,
H1100,2026-02,
H1101,2026-02,1
H1102,2026-02,
H1103,2026-02,
H1104,2026-02,
H1105,2026-02,
H1106,2026-02,4
H1107,2026-02,
H1108,2026-02,
H1109,2026-02,
H1110,2026-02,3
H1111,2026-02,
H1112,2026-02,5
H1113,2026-02,5
H1114,2026-02,
H1115,2026-02,
H1116,2026-02,
H1117,2026-02,2
H1118,2026-02,
H1119,2026-02,
H1120,2026-02,3
H1121,2026-02,
H1122,2026-02,
H1123,2026-02,
H1124,2026-02,
H1125,2026-02,
H1126,2026-02,
H1127,2026-02,2
H1128,2026-02,
H1129,2026-02,
H1130,2026-02,
H1131,2026-02,
H1132,2026-02,
H1133,2026-02,2
H1134,2026-02,5
H1135,2026-02,
H1136,2026-02,2
H1137,2026-02,
H1138,2026-02,
H1139,2026-02,
H1140,2026-02,
H1141,2026-02,
H1142,2026-02,
H1143,2026-02,
H1144,2026-02,
H1145,2026-02,
H1146,2026-02,
H1147,2026-02,
H1148,2026-02,
H1149,2026-02,
H1150,2026-02,
H1151,2026-02,
H1152,2026-02,
H1153,2026-02,
H1154,2026-02,
H1155,2026-02,
H1156,2026-02,
H1157,2026-02,3
H1158,2026-02,
H1159,2026-02,
H1160,2026-02,1
H1161,2026-02,
H1162,2026-02,3
H1163,2026-02,
H1164,2026-02,
H1165,2026-02,4
H1166,2026-02,
H1167,2026-02,
H1168,2026-02,
H1169,2026-02,1
H1170,2026-02,
H1171,2026-02,
H1172,2026-02,
H1173,2026-02,
H1174,2026-02,
H1175,2026-02,
H1176,2026-02,
H1177,2026-02,
H1178,2026-02,2
H1179,2026-02,
H1180,2026-02,
H1181,2026-02,
H1182,2026-02,
H1183,2026-02,
H1184,2026-02,
H1185,2026-02,2
H1186,2026-02,
H1187,2026-02,
H1188,2026-02,2
H1189,2026-02,
H1190,2026-02,
H1191,2026-02,2
H1192,2026-02,
H1193,2026-02,
H1194,2026-02,
H1195,2026-02,1
H1196,2026-02,
H1197,2026-02,
H1198,2026-02,
H1199,2026-02,
H1200,2026-02,3
H1201,2026-02,
H1202,2026-02,1
H1203,2026-02,1
H1204,2026-02,
H1205,2026-02,
H1206,2026-02,
H1207,2026-02,
H1208,2026-02,
H1209,2026-02,
H1210,2026-02,
H1211,2026-02,
H1212,2026-02,
H1213,2026-02,4
H1214,2026-02,
H1215,2026-02,
H1216,2026-02,5
H1217,2026-02,2
H1218,2026-02,
H1219,2026-02,
H1220,2026-02,
H1221,2026-03,
H1222,2026-03,2
H1223,2026-03,
H1224,2026-03,
H1225,2026-03,
H1226,2026-03,
H1227,2026-03,
H1228,2026-03,4
H1229,2026-03,
H1230,2026-03,
H1231,2026-03,
H1232,2026-03,3
H1233,2026-03,3
H1234,2026-03,1
H1235,2026-03,
H1236,2026-03,
H1237,2026-03,
H1238,2026-03,
H1239,2026-03,
H1240,2026-03,3
H1241,2026-03,
H1242,2026-03,
H1243,2026-03,
H1244,2026-03,
H1245,2026-03,
H1246,2026-03,
H1247,2026-03,2
H1248,2026-03,1
H1249,2026-03,
H1250,2026-03,
H1251,2026-03,
H1252,2026-03,
H1253,2026-03,2
H1254,2026-03,2
H1255,2026-03,
H1256,2026-03,
H1257,2026-03,3
H1258,2026-03,
H1259,2026-03,1
H1260,2026-03,
H1261,2026-03,4
H1262,2026-03,
H1263,2026-03,
H1264,2026-03,
H1265,2026-03,1
H1266,2026-03,1
H1267,2026-03,
H1268,2026-03,
H1269,2026-03,
H1270,2026-03,
H1271,2026-03,
H1272,2026-03,
H1273,2026-03,
H1274,2026-03,1
H1275,2026-03,
H1276,2026-03,2
H1277,2026-03,4
H1278,2026-03,
H1279,2026-03,2
H1280,2026-03,
H1281,2026-03,
H1282,2026-03,
H1283,2026-03,
H1284,2026-03,1
H1285,2026-03,
H1286,2026-03,
H1287,2026-03,1
H1288,2026-03,
H1289,2026-03,1
H1290,2026-03,1
H1291,2026-03,
H1292,2026-03,2
H1293,2026-03,
H1294,2026-03,
H1295,2026-03,
H1296,2026-03,3
H1297,2026-03,2
H1298,2026-03,2
H1299,2026-03,
H1300,2026-03,
H1301,2026-03,1
H1302,2026-03,
H1303,2026-03,1
H1304,2026-03,
H1305,2026-03,
H1306,2026-03,
H1307,2026-03,
H1308,2026-03,
H1309,2026-03,
H1310,2026-03,
H1311,2026-03,1
H1312,2026-03,
H1313,2026-03,
H1314,2026-03,
H1315,2026-03,
H1316,2026-03,
H1317,2026-03,
H1318,2026-03,
H1319,2026-03,1
H1320,2026-03,1
H1321,2026-03,4
H1322,2026-03,2
H1323,2026-03,
H1324,2026-03,3
H1325,2026-03,
H1326,2026-03,
H1327,2026-03,3
H1328,2026-03,
H1329,2026-03,
H1330,2026-03,
H1331,2026-03,
H1332,2026-03,
H1333,2026-03,3
H1334,2026-03,
H1335,2026-03,
H1336,2026-03,
H1337,2026-03,3
H1338,2026-03,
H1339,2026-03,1
H1340,2026-03,1
H1341,2026-03,4
H1342,2026-03,
H1343,2026-03,
H1344,2026-03,
H1345,2026-03,
H1346,2026-03,
H1347,2026-03,
H1348,2026-03,
H1349,2026-03,
H1350,2026-03,1
H1351,2026-03,
H1352,2026-03,
H1353,2026-03,
H1354,2026-03,
H1355,2026-03,
H1356,2026-03,
H1357,2026-03,
H1358,2026-03,
H1359,2026-03,4
H1360,2026-03,
H1361,2026-03,
H1362,2026-03,3
H1363,2026-03,
H1364,2026-03,
H1365,2026-03,
H1366,2026-03,2
H1367,2026-03,
H1368,2026-03,
H1369,2026-03,3
H1370,2026-03,3
H1371,2026-03,
H1372,2026-03,3
H1373,2026-03,
H1374,2026-03,
H1375,2026-03,4
H1376,2026-03,
H1377,2026-03,
H1378,2026-03,
H1379,2026-03,
H1380,2026-03,
H1381,2026-03,2
H1382,2026-03,
H1383,2026-03,
H1384,2026-03,4
H1385,2026-03,
H1386,2026-03,
H1387,2026-03,
H1388,2026-03,2
H1389,2026-03,
H1390,2026-03,
H1391,2026-03,3
H1392,2026-03,1
H1393,2026-03,2
H1394,2026-03,
H1395,2026-03,
H1396,2026-03,
H1397,2026-03,
H1398,2026-03,4
H1399,2026-03,
H1400,2026-03,
H1401,2026-03,2
H1402,2026-03,2
H1403,2026-03,1
H1404,2026-03,
H1405,2026-03,
H1406,2026-03,
H1407,2026-03,
H1408,2026-03,
H1409,2026-03,
H1410,2026-03,
H1411,2026-03,3
H1412,2026-03,2
H1413,2026-03,4
H1414,2026-03,1
H1415,2026-03,
H1416,2026-03,
H1417,2026-03,1
H1418,2026-03,2
H1419,2026-03,
H1420,2026-03,
H1421,2026-03,
H1422,2026-03,
H1423,2026-03,1
H1424,2026-03,2
H1425,2026-03,
H1426,2026-03,
H1427,2026-03,1
H1428,2026-03,
H1429,2026-03,
H1430,2026-03,
H1431,2026-03,
H1432,2026-03,
H1433,2026-03,
H1434,2026-03,
H1435,2026-03,2
H1436,2026-03,1
H1437,2026-03,
H1438,2026-03,
H1439,2026-03,3
H1440,2026-03,
H1441,2026-03,
H1442,2026-03,1
H1443,2026-03,
H1444,2026-03,
H1445,2026-03,
H1446,2026-03,3
H1447,2026-03,
H1448,2026-03,
H1449,2026-03,
H1450,2026-03,
H1451,2026-03,
H1452,2026-03,
H1453,2026-03,
H1454,2026-03,
H1455,2026-03,1
H1456,2026-03,
H1457,2026-03,
H1458,2026-03,
H1459,2026-03,3
H1460,2026-03,
H1461,2026-03,
H1462,2026-03,
H1463,2026-03,2
H1464,2026-03,
H1465,2026-03,
H1466,2026-03,1
H1467,2026-03,
H1468,2026-03,
H1469,2026-03,
H1470,2026-03,
H1471,2026-03,
H1472,2026-03,
H1473,2026-03,
H1474,2026-03,
H1475,2026-03,
H1476,2026-03,
H1477,2026-03,
H1478,2026-03,
H1479,2026-03,
H1480,2026-03,
H1481,2026-03,
H1482,2026-03,2
H1483,2026-03,
H1484,2026-03,1
H1485,2026-03,
H1486,2026-03,
H1487,2026-03,
H1488,2026-03,
H1489,2026-03,
H1490,2026-03,
H1491,2026-03,3
H1492,2026-03,
H1493,2026-03,3
H1494,2026-03,1
H1495,2026-03,
H1496,2026-03,
H1497,2026-03,
H1498,2026-03,
H1499,2026-03,
H1500,2026-03,
H1501,2026-03,
H1502,2026-03,
H1503,2026-03,1
H1504,2026-03,
H1505,2026-03,
H1506,2026-03,
H1507,2026-03,
H1508,2026-03,
H1509,2026-03,
H1510,2026-03,
H1511,2026-03,
H1512,2026-03,
H1513,2026-03,
H1514,2026-03,1
H1515,2026-03,3
H1516,2026-03,1
H1517,2026-03,
H1518,2026-03,
H1519,2026-03,4
H1520,2026-03,
H1521,2026-03,1
H1522,2026-03,
H1523,2026-03,
H1524,2026-03,2
H1525,2026-03,
H1526,2026-03,4
H1527,2026-03,
H1528,2026-03,
H1529,2026-03,
H1530,2026-03,
H1531,2026-03,
H1532,2026-03,
H1533,2026-03,
H1534,2026-03,4
H1535,2026-03,
H1536,2026-03,2
H1537,2026-03,3
H1538,2026-03,
H1539,2026-03,3
H1540,2026-03,
H1541,2026-03,
H1542,2026-03,2
H1543,2026-03,
H1544,2026-03,4
H1545,2026-03,
H1546,2026-03,
H1547,2026-03,
H1548,2026-03,
H1549,2026-03,1
H1550,2026-03,
H1551,2026-03,
H1552,2026-03,
H1553,2026-03,
H1554,2026-03,
H1555,2026-03,3
H1556,2026-03,3
H1557,2026-03,
H1558,2026-03,
H1559,2026-03,
H1560,2026-03,
H1561,2026-03,
H1562,2026-03,3
H1563,2026-03,
H1564,2026-03,4
H1565,2026-03,
H1566,2026-03,
H1567,2026-03,
H1568,2026-03,1
H1569,2026-03,
H1570,2026-03,
H1571,2026-03,
H1572,2026-03,2
H1573,2026-03,
H1574,2026-03,
H1575,2026-03,3
H1576,2026-03,1
H1577,2026-03,1
H1578,2026-03,
H1579,2026-03,
H1580,2026-03,
H1581,2026-03,3
H1582,2026-03,
H1583,2026-03,
H1584,2026-03,
H1585,2026-03,
H1586,2026-03,2
H1587,2026-03,
H1588,2026-03,
H1589,2026-03,
H1590,2026-03,
H1591,2026-03,
H1592,2026-03,
H1593,2026-03,2
H1594,2026-03,2
H1595,2026-03,
H1596,2026-03,
H1597,2026-03,4
H1598,2026-03,1
H1599,2026-03,1
H1600,2026-03,
H1601,2026-03,3
H1602,2026-03,
H1603,2026-03,3
H1604,2026-03,
H1605,2026-03,1
H1606,2026-03,
H1607,2026-03,1
H1608,2026-03,
H1609,2026-03,3
H1610,2026-03,
H1611,2026-03,
H1612,2026-03,
H1613,2026-03,
H1614,2026-03,
H1615,2026-03,
H1616,2026-03,
H1617,2026-03,
H1618,2026-03,
H1619,2026-03,
H1620,2026-03,
H1621,2026-03,
H1622,2026-03,1
H1623,2026-03,
H1624,2026-03,
H1625,2026-03,3
H1626,2026-03,
H1627,2026-03,3
H1628,2026-03,
H1629,2026-03,1
H1630,2026-03,
H1631,2026-03,
H1632,2026-03,
H1633,2026-03,
H1634,2026-03,
H1635,2026-03,
H1636,2026-03,3
H1637,2026-03,
H1638,2026-03,2
H1639,2026-03,
H1640,2026-03,
H1641,2026-03,
H1642,2026-03,
H1643,2026-03,
H1644,2026-03,
H1645,2026-03,1
H1646,2026-03,
H1647,2026-03,2
H1648,2026-03,
H1649,2026-03,
H1650,2026-03,
H1651,2026-03,1
H1652,2026-03,
H1653,2026-03,4
H1654,2026-03,
H1655,2026-03,1
H1656,2026-03,
H1657,2026-03,
H1658,2026-03,
H1659,2026-03,
H1660,2026-03,
H1661,2026-03,
H1662,2026-03,
H1663,2026-03,
H1664,2026-03,
H1665,2026-03,
H1666,2026-03,
H1667,2026-03,3
H1668,2026-03,
H1669,2026-03,2
H1670,2026-03,
H1671,2026-03,
H1672,2026-03,
H1673,2026-03,
H1674,2026-03,
H1675,2026-03,
H1676,2026-03,
H1677,2026-03,1
H1678,2026-03,
H1679,2026-03,3
H1680,2026-03,
H1681,2026-03,
H1682,2026-03,
H1683,2026-03,
H1684,2026-03,
H1685,2026-03,2
H1686,2026-03,
H1687,2026-03,
H1688,2026-03,
H1689,2026-03,
H1690,2026-03,
H1691,2026-03,3
H1692,2026-03,
H1693,2026-03,
H1694,2026-03,2
H1695,2026-03,
H1696,2026-03,1
H1697,2026-03,1
H1698,2026-03,2
H1699,2026-03,
H1700,2026-03,
H1701,2026-03,
H1702,2026-03,
H1703,2026-03,
H1704,2026-03,
H1705,2026-03,
H1706,2026-03,2
H1707,2026-03,
H1708,2026-03,3
H1709,2026-03,
H1710,2026-03,
H1711,2026-03,2
H1712,2026-03,1
H1713,2026-03,
H1714,2026-03,
H1715,2026-03,1
H1716,2026-03,
H1717,2026-03,1
H1718,2026-03,
H1719,2026-03,
H1720,2026-03,3
H1721,2026-03,2
H1722,2026-03,2
H1723,2026-03,
H1724,2026-03,2
H1725,2026-03,
H1726,2026-03,1
H1727,2026-03,
H1728,2026-03,
H1729,2026-03,
H1730,2026-03,
H1731,2026-03,
H1732,2026-03,
H1733,2026-03,
H1734,2026-03,
H1735,2026-03,2
H1736,2026-03,
H1737,2026-03,
H1738,2026-03,3
H1739,2026-03,
H1740,2026-03,
H1741,2026-03,
H1742,2026-03,
H1743,2026-03,
H1744,2026-03,1
H1745,2026-03,
H1746,2026-03,
H1747,2026-03,1
H1748,2026-03,4
H1749,2026-03,
H1750,2026-03,2
H1751,2026-03,
H1752,2026-03,3
H1753,2026-03,1
H1754,2026-03,4
H1755,2026-03,
H1756,2026-03,
H1757,2026-03,
H1758,2026-03,
H1759,2026-03,2
H1760,2026-03,
H1761,2026-03,
H1762,2026-03,
H1763,2026-03,1
H1764,2026-03,
H1765,2026-03,2
H1766,2026-03,
H1767,2026-03,
H1768,2026-03,
H1769,2026-03,
H1770,2026-03,
H1771,2026-03,
H1772,2026-03,
H1773,2026-03,
H1774,2026-03,
H1775,2026-03,
H1776,2026-03,
H1777,2026-03,
H1778,2026-03,
H1779,2026-03,4
H1780,2026-03,
H1781,2026-03,1
H1782,2026-03,
H1783,2026-03,
H1784,2026-03,
H1785,2026-03,
H1786,2026-03,
H1787,2026-03,
H1788,2026-03,
H1789,2026-03,1
H1790,2026-03,
H1791,2026-03,2
H1792,2026-03,
H1793,2026-03,
H1794,2026-03,
H1795,2026-03,1
H1796,2026-03,1
H1797,2026-03,
H1798,2026-03,1
H1799,2026-03,1
H1800,2026-03,1
H1801,2026-03,
H1802,2026-03,
H1803,2026-03,
H1804,2026-03,
H1805,2026-03,
H1806,2026-03,
H1807,2026-03,
H1808,2026-03,3
H1809,2026-03,3
H1810,2026-03,1
H1811,2026-03,
H1812,2026-03,
H1813,2026-03,4
H1814,2026-03,1
H1815,2026-03,1
H1816,2026-03,
H1817,2026-03,
H1818,2026-03,
H1819,2026-03,
H1820,2026-03,
H1821,2026-03,3
H1822,2026-03,2
H1823,2026-03,
H1824,2026-03,
H1825,2026-03,
H1826,2026-03,
H1827,2026-03,1
H1828,2026-03,
H1829,2026-03,
H1830,2026-03,
H1831,2026-03,
H1832,2026-03,
H1833,2026-03,
H1834,2026-03,
H1835,2026-03,
H1836,2026-03,
H1837,2026-03,2
H1838,2026-03,
H1839,2026-03,
H1840,2026-03,3
H1841,2026-03,
H1842,2026-03,
H1843,2026-03,
H1844,2026-03,
H1845,2026-03,
H1846,2026-03,4
H1847,2026-03,2
H1848,2026-03,3
H1849,2026-03,
H1850,2026-03,
H1851,2026-03,
H1852,2026-03,
H1853,2026-03,
H1854,2026-03,
H1855,2026-03,
H1856,2026-03,4
H1857,2026-03,
H1858,2026-03,
H1859,2026-03,
H1860,2026-03,
H1861,2026-03,
H1862,2026-03,
H1863,2026-03,3
H1864,2026-03,
H1865,2026-03,
H1866,2026-03,
H1867,2026-03,1
H1868,2026-03,2
H1869,2026-03,2
H1870,2026-03,
H1871,2026-04,
H1872,2026-04,3
H1873,2026-04,
H1874,2026-04,
H1875,2026-04,
H1876,2026-04,
H1877,2026-04,
H1878,2026-04,
H1879,2026-04,
H1880,2026-04,
H1881,2026-04,
H1882,2026-04,
H1883,2026-04,
H1884,2026-04,
H1885,2026-04,2
H1886,2026-04,
H1887,2026-04,1
H1888,2026-04,3
H1889,2026-04,
H1890,2026-04,
H1891,2026-04,1
H1892,2026-04,
H1893,2026-04,
H1894,2026-04,2
H1895,2026-04,
H1896,2026-04,
H1897,2026-04,
H1898,2026-04,2
H1899,2026-04,
H1900,2026-04,
H1901,2026-04,
H1902,2026-04,1
H1903,2026-04,
H1904,2026-04,1
H1905,2026-04,
H1906,2026-04,2
H1907,2026-04,
H1908,2026-04,
H1909,2026-04,
H1910,2026-04,2
H1911,2026-04,
H1912,2026-04,
H1913,2026-04,
H1914,2026-04,
H1915,2026-04,
H1916,2026-04,
H1917,2026-04,
H1918,2026-04,
H1919,2026-04,
H1920,2026-04,
H1921,2026-04,
H1922,2026-04,1
H1923,2026-04,
H1924,2026-04,
H1925,2026-04,
H1926,2026-04,1
H1927,2026-04,
H1928,2026-04,
H1929,2026-04,
H1930,2026-04,1
H1931,2026-04,
H1932,2026-04,
H1933,2026-04,
H1934,2026-04,
H1935,2026-04,
H1936,2026-04,
H1937,2026-04,3
H1938,2026-04,
H1939,2026-04,
H1940,2026-04,1
H1941,2026-04,1
H1942,2026-04,
H1943,2026-04,
H1944,2026-04,
H1945,2026-04,
H1946,2026-04,
H1947,2026-04,
H1948,2026-04,2
H1949,2026-04,
H1950,2026-04,
H1951,2026-04,1
H1952,2026-04,3
H1953,2026-04,
H1954,2026-04,
H1955,2026-04,
H1956,2026-04,
H1957,2026-04,
H1958,2026-04,
H1959,2026-04,
H1960,2026-04,
H1961,2026-04,1
H1962,2026-04,
H1963,2026-04,
H1964,2026-04,
H1965,2026-04,
H1966,2026-04,
H1967,2026-04,2
H1968,2026-04,
H1969,2026-04,
H1970,2026-04,1
H1971,2026-04,1
H1972,2026-04,
H1973,2026-04,3
H1974,2026-04,
H1975,2026-04,
H1976,2026-04,
H1977,2026-04,3
H1978,2026-04,
H1979,2026-04,
H1980,2026-04,
H1981,2026-04,2
H1982,2026-04,
H1983,2026-04,
H1984,2026-04,
H1985,2026-04,2
H1986,2026-04,1
H1987,2026-04,
H1988,2026-04,
H1989,2026-04,
H1990,2026-04,
H1991,2026-04,
H1992,2026-04,2
H1993,2026-04,
H1994,2026-04,2
H1995,2026-04,
H1996,2026-04,
H1997,2026-04,
H1998,2026-04,1
H1999,2026-04,1
H2000,2026-04,
H2001,2026-04,3
H2002,2026-04,3
H2003,2026-04,
H2004,2026-04,3
H2005,2026-04,3
H2006,2026-04,
H2007,2026-04,
H2008,2026-04,
H2009,2026-04,1
H2010,2026-04,
H2011,2026-04,1
H2012,2026-04,1
H2013,2026-04,
H2014,2026-04,2
H2015,2026-04,
H2016,2026-04,
H2017,2026-04,
H2018,2026-04,
H2019,2026-04,1
H2020,2026-04,
H2021,2026-04,
H2022,2026-04,
H2023,2026-04,
H2024,2026-04,1
H2025,2026-04,
H2026,2026-04,3
H2027,2026-04,
H2028,2026-04,
H2029,2026-04,3
H2030,2026-04,
H2031,2026-04,2
H2032,2026-04,
H2033,2026-04,
H2034,2026-04,
H2035,2026-04,
H2036,2026-04,
H2037,2026-04,1
H2038,2026-04,2
H2039,2026-04,3
H2040,2026-04,3
H2041,2026-04,
H2042,2026-04,
H2043,2026-04,
H2044,2026-04,1
H2045,2026-04,
H2046,2026-04,
H2047,2026-04,1
H2048,2026-04,
H2049,2026-04,
H2050,2026-04,1
H2051,2026-04,
H2052,2026-04,
H2053,2026-04,2
H2054,2026-04,
H2055,2026-04,
H2056,2026-04,
H2057,2026-04,
H2058,2026-04,
H2059,2026-04,
H2060,2026-04,
H2061,2026-04,1
H2062,2026-04,
H2063,2026-04,
H2064,2026-04,
H2065,2026-04,1
H2066,2026-04,
H2067,2026-04,2
H2068,2026-04,3
H2069,2026-04,2
H2070,2026-04,
H2071,2026-04,
H2072,2026-04,
H2073,2026-04,2
H2074,2026-04,
H2075,2026-04,
H2076,2026-04,
H2077,2026-04,3
H2078,2026-04,
H2079,2026-04,
H2080,2026-04,
H2081,2026-04,1
H2082,2026-04,1
H2083,2026-04,
H2084,2026-04,
H2085,2026-04,
H2086,2026-04,
H2087,2026-04,1
H2088,2026-04,
H2089,2026-04,
H2090,2026-04,
H2091,2026-04,
H2092,2026-04,
H2093,2026-04,2
H2094,2026-04,
H2095,2026-04,
H2096,2026-04,
H2097,2026-04,
H2098,2026-04,
H2099,2026-04,
H2100,2026-04,
H2101,2026-04,
H2102,2026-04,
H2103,2026-04,2
H2104,2026-04,
H2105,2026-04,
H2106,2026-04,
H2107,2026-04,
H2108,2026-04,
H2109,2026-04,3
H2110,2026-04,
H2111,2026-04,2
H2112,2026-04,2
H2113,2026-04,2
H2114,2026-04,
H2115,2026-04,
H2116,2026-04,2
H2117,2026-04,
H2118,2026-04,
H2119,2026-04,1
H2120,2026-04,
H2121,2026-04,
H2122,2026-04,
H2123,2026-04,
H2124,2026-04,
H2125,2026-04,
H2126,2026-04,
H2127,2026-04,
H2128,2026-04,2
H2129,2026-04,
H2130,2026-04,
H2131,2026-04,2
H2132,2026-04,1
H2133,2026-04,
H2134,2026-04,
H2135,2026-04,
H2136,2026-04,
H2137,2026-04,1
H2138,2026-04,
H2139,2026-04,2
H2140,2026-04,
H2141,2026-04,
H2142,2026-04,
H2143,2026-04,
H2144,2026-04,
H2145,2026-04,
H2146,2026-04,
H2147,2026-04,
H2148,2026-04,
H2149,2026-04,
H2150,2026-04,
H2151,2026-04,
H2152,2026-04,2
H2153,2026-04,
H2154,2026-04,
H2155,2026-04,1
H2156,2026-04,3
H2157,2026-04,2
H2158,2026-04,
H2159,2026-04,
H2160,2026-04,
H2161,2026-04,
H2162,2026-04,
H2163,2026-04,
H2164,2026-04,
H2165,2026-04,
H2166,2026-04,
H2167,2026-04,
H2168,2026-04,1
H2169,2026-04,
H2170,2026-04,
H2171,2026-04,
H2172,2026-04,1
H2173,2026-04,2
H2174,2026-04,
H2175,2026-04,3
H2176,2026-04,
H2177,2026-04,3
H2178,2026-04,
H2179,2026-04,
H2180,2026-04,
H2181,2026-04,
H2182,2026-04,3
H2183,2026-04,1
H2184,2026-04,
H2185,2026-04,
H2186,2026-04,
H2187,2026-04,
H2188,2026-04,
H2189,2026-04,
H2190,2026-04,
H2191,2026-04,3
H2192,2026-04,
H2193,2026-04,
H2194,2026-04,
H2195,2026-04,1
H2196,2026-04,
H2197,2026-04,
H2198,2026-04,
H2199,2026-04,
H2200,2026-04,
H2201,2026-04,
H2202,2026-04,1
H2203,2026-04,
H2204,2026-04,1
H2205,2026-04,
H2206,2026-04,
H2207,2026-04,
H2208,2026-04,
H2209,2026-04,
H2210,2026-04,
H2211,2026-04,
H2212,2026-04,
H2213,2026-04,1
H2214,2026-04,
H2215,2026-04,
H2216,2026-04,
H2217,2026-04,
H2218,2026-04,
H2219,2026-04,
H2220,2026-04,1
H2221,2026-04,
H2222,2026-04,
H2223,2026-04,1
H2224,2026-04,3
H2225,2026-04,1
H2226,2026-04,
H2227,2026-04,
H2228,2026-04,
H2229,2026-04,
H2230,2026-04,
H2231,2026-04,
H2232,2026-04,1
H2233,2026-04,
H2234,2026-04,
H2235,2026-04,
H2236,2026-04,
H2237,2026-04,
H2238,2026-04,2
H2239,2026-04,1
H2240,2026-04,3
H2241,2026-04,
H2242,2026-04,1
H2243,2026-04,
H2244,2026-04,
H2245,2026-04,
H2246,2026-04,
H2247,2026-04,1
H2248,2026-04,
H2249,2026-04,
H2250,2026-04,1
H2251,2026-04,1
H2252,2026-04,
H2253,2026-04,
H2254,2026-04,
H2255,2026-04,
H2256,2026-04,
H2257,2026-04,
H2258,2026-04,
H2259,2026-04,
H2260,2026-04,
H2261,2026-04,
H2262,2026-04,
H2263,2026-04,
H2264,2026-04,
H2265,2026-04,
H2266,2026-04,
H2267,2026-04,
H2268,2026-04,
H2269,2026-04,3
H2270,2026-04,
H2271,2026-04,1
H2272,2026-04,
H2273,2026-04,
H2274,2026-04,
H2275,2026-04,
H2276,2026-04,
H2277,2026-04,
H2278,2026-04,
H2279,2026-04,
H2280,2026-04,1
H2281,2026-04,3
H2282,2026-04,
H2283,2026-04,
H2284,2026-04,1
H2285,2026-04,2
H2286,2026-04,3
H2287,2026-04,
H2288,2026-04,
H2289,2026-04,
H2290,2026-04,2
H2291,2026-04,
H2292,2026-04,
H2293,2026-04,2
H2294,2026-04,
H2295,2026-04,1
H2296,2026-04,1
H2297,2026-04,3
H2298,2026-04,1
H2299,2026-04,1
H2300,2026-04,
H2301,2026-04,
H2302,2026-04,
H2303,2026-04,
H2304,2026-04,
H2305,2026-04,
H2306,2026-04,
H2307,2026-04,1
H2308,2026-04,
H2309,2026-04,1
H2310,2026-04,
H2311,2026-04,
H2312,2026-04,
H2313,2026-04,
H2314,2026-04,
H2315,2026-04,
H2316,2026-04,2
H2317,2026-04,3
H2318,2026-04,
H2319,2026-04,
H2320,2026-04,
H2321,2026-04,
H2322,2026-04,
H2323,2026-04,
H2324,2026-04,
H2325,2026-04,
H2326,2026-04,
H2327,2026-04,
H2328,2026-04,1
H2329,2026-04,
H2330,2026-04,1
H2331,2026-04,3
H2332,2026-04,1
H2333,2026-04,
H2334,2026-04,
H2335,2026-04,1
H2336,2026-04,
H2337,2026-04,
H2338,2026-04,
H2339,2026-04,1
H2340,2026-04,
H2341,2026-04,
H2342,2026-04,1
H2343,2026-04,1
H2344,2026-04,
H2345,2026-04,
H2346,2026-04,
H2347,2026-04,
H2348,2026-04,
H2349,2026-04,
H2350,2026-04,1
H2351,2026-04,
H2352,2026-04,
H2353,2026-04,
H2354,2026-04,
H2355,2026-04,
H2356,2026-04,1
H2357,2026-04,
H2358,2026-04,1
H2359,2026-04,
H2360,2026-04,2
H2361,2026-04,1
H2362,2026-04,
H2363,2026-04,
H2364,2026-04,
H2365,2026-04,
H2366,2026-04,1
H2367,2026-04,1
H2368,2026-04,
H2369,2026-04,
H2370,2026-04,
H2371,2026-04,
H2372,2026-04,
H2373,2026-04,
H2374,2026-04,
H2375,2026-04,
H2376,2026-04,3
H2377,2026-04,
H2378,2026-04,
H2379,2026-04,
H2380,2026-04,
H2381,2026-04,
H2382,2026-04,
H2383,2026-04,
H2384,2026-04,
H2385,2026-04,
H2386,2026-04,
H2387,2026-04,
H2388,2026-04,
H2389,2026-04,
H2390,2026-04,
H2391,2026-04,
H2392,2026-04,2
H2393,2026-04,
H2394,2026-04,2
H2395,2026-04,
H2396,2026-04,
H2397,2026-04,2
H2398,2026-04,1
H2399,2026-04,
H2400,2026-04,
H2401,2026-04,
H2402,2026-04,1
H2403,2026-04,
H2404,2026-04,
H2405,2026-04,
H2406,2026-04,
H2407,2026-04,
H2408,2026-04,3
H2409,2026-04,
H2410,2026-04,
H2411,2026-04,
H2412,2026-04,2
H2413,2026-04,
H2414,2026-04,1
H2415,2026-04,
H2416,2026-04,
H2417,2026-04,
H2418,2026-04,1
H2419,2026-04,1
H2420,2026-04,
H2421,2026-04,2
H2422,2026-04,1
H2423,2026-04,
H2424,2026-04,
H2425,2026-04,
H2426,2026-04,
H2427,2026-04,1
H2428,2026-04,
H2429,2026-04,
H2430,2026-04,
H2431,2026-04,
H2432,2026-04,
H2433,2026-04,
H2434,2026-04,
H2435,2026-04,
H2436,2026-04,
H2437,2026-04,
H2438,2026-04,
H2439,2026-04,
H2440,2026-04,2
H2441,2026-04,
H2442,2026-04,
H2443,2026-04,
H2444,2026-04,
H2445,2026-04,
H2446,2026-04,
H2447,2026-04,3
H2448,2026-04,2
H2449,2026-04,1
H2450,2026-04,
H2451,2026-04,3
H2452,2026-04,
H2453,2026-04,
H2454,2026-04,
H2455,2026-04,
H2456,2026-04,2
H2457,2026-04,
H2458,2026-04,
H2459,2026-04,
H2460,2026-04,
H2461,2026-04,
H2462,2026-04,
H2463,2026-04,
H2464,2026-04,
H2465,2026-04,
H2466,2026-04,2
H2467,2026-04,
H2468,2026-04,1
H2469,2026-04,
H2470,2026-04,
H2471,2026-04,3
H2472,2026-04,
H2473,2026-04,
H2474,2026-04,
H2475,2026-04,
H2476,2026-04,
H2477,2026-04,2
H2478,2026-04,
H2479,2026-04,1
H2480,2026-04,
H2481,2026-04,3
H2482,2026-04,
H2483,2026-04,
H2484,2026-04,2
H2485,2026-04,
H2486,2026-04,
H2487,2026-04,
H2488,2026-04,
H2489,2026-04,
H2490,2026-04,
H2491,2026-04,
H2492,2026-04,2
H2493,2026-04,
H2494,2026-04,
H2495,2026-04,
H2496,2026-04,
H2497,2026-04,
H2498,2026-04,
H2499,2026-04,
H2500,2026-04,
H2501,2026-04,
H2502,2026-04,
H2503,2026-04,
H2504,2026-04,
H2505,2026-04,2
H2506,2026-04,1
H2507,2026-04,
H2508,2026-04,
H2509,2026-04,
H2510,2026-04,
H2511,2026-04,1
H2512,2026-04,
H2513,2026-04,
H2514,2026-04,
H2515,2026-04,
H2516,2026-04,
H2517,2026-04,1
H2518,2026-04,
H2519,2026-04,
H2520,2026-04,
H2521,2026-04,
H2522,2026-04,2
H2523,2026-04,
H2524,2026-04,
H2525,2026-04,
H2526,2026-04,3
H2527,2026-04,3
H2528,2026-04,
H2529,2026-04,1
H2530,2026-04,
H2531,2026-04,
H2532,2026-04,
H2533,2026-04,
H2534,2026-04,1
H2535,2026-04,
H2536,2026-04,
H2537,2026-04,
H2538,2026-04,2
H2539,2026-04,
H2540,2026-04,
H2541,2026-04,
H2542,2026-04,
H2543,2026-04,
H2544,2026-04,
H2545,2026-04,1
H2546,2026-04,
H2547,2026-04,1
H2548,2026-04,
H2549,2026-04,
H2550,2026-04,1
H2551,2026-04,
H2552,2026-04,1
H2553,2026-04,
H2554,2026-04,
H2555,2026-04,1
H2556,2026-04,
H2557,2026-04,
H2558,2026-04,
H2559,2026-04,1
H2560,2026-04,
H2561,2026-04,
H2562,2026-04,
H2563,2026-04,1
H2564,2026-04,1
H2565,2026-04,
H2566,2026-04,
H2567,2026-04,3
H2568,2026-04,
H2569,2026-04,
H2570,2026-04,
H2571,2026-05,
H2572,2026-05,
H2573,2026-05,
H2574,2026-05,
H2575,2026-05,2
H2576,2026-05,
H2577,2026-05,
H2578,2026-05,
H2579,2026-05,
H2580,2026-05,
H2581,2026-05,1
H2582,2026-05,
H2583,2026-05,
H2584,2026-05,
H2585,2026-05,
H2586,2026-05,
H2587,2026-05,1
H2588,2026-05,
H2589,2026-05,2
H2590,2026-05,
H2591,2026-05,
H2592,2026-05,
H2593,2026-05,
H2594,2026-05,
H2595,2026-05,1
H2596,2026-05,
H2597,2026-05,
H2598,2026-05,
H2599,2026-05,
H2600,2026-05,1
H2601,2026-05,
H2602,2026-05,1
H2603,2026-05,
H2604,2026-05,
H2605,2026-05,1
H2606,2026-05,
H2607,2026-05,1
H2608,2026-05,
H2609,2026-05,
H2610,2026-05,1
H2611,2026-05,
H2612,2026-05,1
H2613,2026-05,2
H2614,2026-05,
H2615,2026-05,
H2616,2026-05,1
H2617,2026-05,
H2618,2026-05,
H2619,2026-05,
H2620,2026-05,
H2621,2026-05,
H2622,2026-05,
H2623,2026-05,
H2624,2026-05,
H2625,2026-05,
H2626,2026-05,
H2627,2026-05,1
H2628,2026-05,
H2629,2026-05,
H2630,2026-05,
H2631,2026-05,
H2632,2026-05,
H2633,2026-05,1
H2634,2026-05,1
H2635,2026-05,
H2636,2026-05,
H2637,2026-05,
H2638,2026-05,
H2639,2026-05,
H2640,2026-05,
H2641,2026-05,
H2642,2026-05,1
H2643,2026-05,
H2644,2026-05,
H2645,2026-05,1
H2646,2026-05,
H2647,2026-05,
H2648,2026-05,
H2649,2026-05,
H2650,2026-05,
H2651,2026-05,2
H2652,2026-05,
H2653,2026-05,
H2654,2026-05,1
H2655,2026-05,
H2656,2026-05,
H2657,2026-05,
H2658,2026-05,
H2659,2026-05,2
H2660,2026-05,
H2661,2026-05,
H2662,2026-05,
H2663,2026-05,2
H2664,2026-05,
H2665,2026-05,
H2666,2026-05,
H2667,2026-05,1
H2668,2026-05,
H2669,2026-05,
H2670,2026-05,
H2671,2026-05,
H2672,2026-05,
H2673,2026-05,
H2674,2026-05,2
H2675,2026-05,
H2676,2026-05,
H2677,2026-05,
H2678,2026-05,1
H2679,2026-05,1
H2680,2026-05,
H2681,2026-05,
H2682,2026-05,
H2683,2026-05,1
H2684,2026-05,
H2685,2026-05,
H2686,2026-05,1
H2687,2026-05,1
H2688,2026-05,
H2689,2026-05,
H2690,2026-05,
H2691,2026-05,
H2692,2026-05,
H2693,2026-05,1
H2694,2026-05,
H2695,2026-05,
H2696,2026-05,
H2697,2026-05,
H2698,2026-05,
H2699,2026-05,
H2700,2026-05,
H2701,2026-05,
H2702,2026-05,
H2703,2026-05,1
H2704,2026-05,1
H2705,2026-05,
H2706,2026-05,
H2707,2026-05,1
H2708,2026-05,
H2709,2026-05,1
H2710,2026-05,
H2711,2026-05,
H2712,2026-05,
H2713,2026-05,
H2714,2026-05,
H2715,2026-05,1
H2716,2026-05,
H2717,2026-05,
H2718,2026-05,
H2719,2026-05,
H2720,2026-05,1
H2721,2026-05,
H2722,2026-05,
H2723,2026-05,
H2724,2026-05,
H2725,2026-05,
H2726,2026-05,
H2727,2026-05,1
H2728,2026-05,2
H2729,2026-05,2
H2730,2026-05,
H2731,2026-05,
H2732,2026-05,
H2733,2026-05,1
H2734,2026-05,
H2735,2026-05,
H2736,2026-05,
H2737,2026-05,
H2738,2026-05,
H2739,2026-05,
H2740,2026-05,1
H2741,2026-05,
H2742,2026-05,2
H2743,2026-05,2
H2744,2026-05,1
H2745,2026-05,
H2746,2026-05,
H2747,2026-05,
H2748,2026-05,1
H2749,2026-05,
H2750,2026-05,
H2751,2026-05,
H2752,2026-05,
H2753,2026-05,
H2754,2026-05,
H2755,2026-05,
H2756,2026-05,
H2757,2026-05,
H2758,2026-05,
H2759,2026-05,
H2760,2026-05,1
H2761,2026-05,1
H2762,2026-05,1
H2763,2026-05,
H2764,2026-05,
H2765,2026-05,1
H2766,2026-05,
H2767,2026-05,
H2768,2026-05,2
H2769,2026-05,
H2770,2026-05,
H2771,2026-05,1
H2772,2026-05,
H2773,2026-05,
H2774,2026-05,
H2775,2026-05,
H2776,2026-05,
H2777,2026-05,1
H2778,2026-05,1
H2779,2026-05,
H2780,2026-05,2
H2781,2026-05,1
H2782,2026-05,
H2783,2026-05,
H2784,2026-05,
H2785,2026-05,
H2786,2026-05,2
H2787,2026-05,
H2788,2026-05,2
H2789,2026-05,
H2790,2026-05,
H2791,2026-05,
H2792,2026-05,
H2793,2026-05,
H2794,2026-05,
H2795,2026-05,
H2796,2026-05,
H2797,2026-05,1
H2798,2026-05,
H2799,2026-05,
H2800,2026-05,2
H2801,2026-05,
H2802,2026-05,
H2803,2026-05,
H2804,2026-05,
H2805,2026-05,
H2806,2026-05,
H2807,2026-05,
H2808,2026-05,1
H2809,2026-05,
H2810,2026-05,
H2811,2026-05,2
H2812,2026-05,
H2813,2026-05,
H2814,2026-05,1
H2815,2026-05,
H2816,2026-05,
H2817,2026-05,
H2818,2026-05,1
H2819,2026-05,1
H2820,2026-05,
H2821,2026-05,
H2822,2026-05,2
H2823,2026-05,
H2824,2026-05,2
H2825,2026-05,
H2826,2026-05,
H2827,2026-05,
H2828,2026-05,1
H2829,2026-05,
H2830,2026-05,1
H2831,2026-05,
H2832,2026-05,
H2833,2026-05,1
H2834,2026-05,
H2835,2026-05,
H2836,2026-05,
H2837,2026-05,
H2838,2026-05,1
H2839,2026-05,
H2840,2026-05,
H2841,2026-05,
H2842,2026-05,
H2843,2026-05,
H2844,2026-05,
H2845,2026-05,
H2846,2026-05,
H2847,2026-05,
H2848,2026-05,
H2849,2026-05,
H2850,2026-05,
H2851,2026-05,
H2852,2026-05,2
H2853,2026-05,2
H2854,2026-05,
H2855,2026-05,1
H2856,2026-05,
H2857,2026-05,2
H2858,2026-05,1
H2859,2026-05,1
H2860,2026-05,2
H2861,2026-05,
H2862,2026-05,
H2863,2026-05,
H2864,2026-05,
H2865,2026-05,
H2866,2026-05,
H2867,2026-05,
H2868,2026-05,
H2869,2026-05,
H2870,2026-05,
H2871,2026-05,
H2872,2026-05,
H2873,2026-05,
H2874,2026-05,
H2875,2026-05,
H2876,2026-05,
H2877,2026-05,
H2878,2026-05,2
H2879,2026-05,
H2880,2026-05,2
H2881,2026-05,
H2882,2026-05,
H2883,2026-05,2
H2884,2026-05,1
H2885,2026-05,1
H2886,2026-05,
H2887,2026-05,
H2888,2026-05,
H2889,2026-05,
H2890,2026-05,
H2891,2026-05,
H2892,2026-05,
H2893,2026-05,
H2894,2026-05,
H2895,2026-05,1
H2896,2026-05,
H2897,2026-05,
H2898,2026-05,
H2899,2026-05,
H2900,2026-05,1
H2901,2026-05,1
H2902,2026-05,
H2903,2026-05,1
H2904,2026-05,
H2905,2026-05,
H2906,2026-05,1
H2907,2026-05,
H2908,2026-05,2
H2909,2026-05,
H2910,2026-05,
H2911,2026-05,2
H2912,2026-05,1
H2913,2026-05,
H2914,2026-05,
H2915,2026-05,2
H2916,2026-05,
H2917,2026-05,
H2918,2026-05,
H2919,2026-05,
H2920,2026-05,
H2921,2026-05,
H2922,2026-05,
H2923,2026-05,
H2924,2026-05,2
H2925,2026-05,
H2926,2026-05,
H2927,2026-05,
H2928,2026-05,
H2929,2026-05,
H2930,2026-05,
H2931,2026-05,
H2932,2026-05,
H2933,2026-05,1
H2934,2026-05,
H2935,2026-05,
H2936,2026-05,1
H2937,2026-05,
H2938,2026-05,
H2939,2026-05,
H2940,2026-05,1
H2941,2026-05,
H2942,2026-05,
H2943,2026-05,
H2944,2026-05,
H2945,2026-05,
H2946,2026-05,1
H2947,2026-05,
H2948,2026-05,
H2949,2026-05,
H2950,2026-05,
H2951,2026-05,
H2952,2026-05,
H2953,2026-05,
H2954,2026-05,
H2955,2026-05,
H2956,2026-05,
H2957,2026-05,
H2958,2026-05,
H2959,2026-05,
H2960,2026-05,
H2961,2026-05,2
H2962,2026-05,
H2963,2026-05,
H2964,2026-05,
H2965,2026-05,
H2966,2026-05,
H2967,2026-05,
H2968,2026-05,
H2969,2026-05,
H2970,2026-05,
H2971,2026-05,
H2972,2026-05,1
H2973,2026-05,
H2974,2026-05,
H2975,2026-05,
H2976,2026-05,1
H2977,2026-05,
H2978,2026-05,1
H2979,2026-05,
H2980,2026-05,
H2981,2026-05,
H2982,2026-05,2
H2983,2026-05,
H2984,2026-05,
H2985,2026-05,
H2986,2026-05,
H2987,2026-05,1
H2988,2026-05,
H2989,2026-05,
H2990,2026-05,
H2991,2026-05,2
H2992,2026-05,
H2993,2026-05,
H2994,2026-05,
H2995,2026-05,1
H2996,2026-05,
H2997,2026-05,1
H2998,2026-05,
H2999,2026-05,
H3000,2026-05,
H3001,2026-05,
H3002,2026-05,
H3003,2026-05,
H3004,2026-05,
H3005,2026-05,
H3006,2026-05,
H3007,2026-05,
H3008,2026-05,1
H3009,2026-05,
H3010,2026-05,1
H3011,2026-05,
H3012,2026-05,
H3013,2026-05,
H3014,2026-05,
H3015,2026-05,
H3016,2026-05,
H3017,2026-05,
H3018,2026-05,
H3019,2026-05,1
H3020,2026-05,
H3021,2026-05,
H3022,2026-05,
H3023,2026-05,
H3024,2026-05,
H3025,2026-05,1
H3026,2026-05,
H3027,2026-05,
H3028,2026-05,
H3029,2026-05,
H3030,2026-05,
H3031,2026-05,2
H3032,2026-05,
H3033,2026-05,
H3034,2026-05,1
H3035,2026-05,
H3036,2026-05,
H3037,2026-05,
H3038,2026-05,
H3039,2026-05,1
H3040,2026-05,
H3041,2026-05,2
H3042,2026-05,
H3043,2026-05,1
H3044,2026-05,
H3045,2026-05,
H3046,2026-05,
H3047,2026-05,
H3048,2026-05,
H3049,2026-05,
H3050,2026-05,
H3051,2026-05,2
H3052,2026-05,
H3053,2026-05,
H3054,2026-05,
H3055,2026-05,
H3056,2026-05,
H3057,2026-05,
H3058,2026-05,1
H3059,2026-05,1
H3060,2026-05,
H3061,2026-05,
H3062,2026-05,1
H3063,2026-05,
H3064,2026-05,
H3065,2026-05,
H3066,2026-05,
H3067,2026-05,1
H3068,2026-05,
H3069,2026-05,
H3070,2026-05,
H3071,2026-05,
H3072,2026-05,
H3073,2026-05,
H3074,2026-05,
H3075,2026-05,
H3076,2026-05,
H3077,2026-05,
H3078,2026-05,1
H3079,2026-05,1
H3080,2026-05,
H3081,2026-05,
H3082,2026-05,
H3083,2026-05,2
H3084,2026-05,
H3085,2026-05,
H3086,2026-05,
H3087,2026-05,
H3088,2026-05,1
H3089,2026-05,
H3090,2026-05,
H3091,2026-05,
H3092,2026-05,
H3093,2026-05,
H3094,2026-05,
H3095,2026-05,2
H3096,2026-05,
H3097,2026-05,
H3098,2026-05,1
H3099,2026-05,1
H3100,2026-05,
H3101,2026-05,1
H3102,2026-05,
H3103,2026-05,
H3104,2026-05,
H3105,2026-05,
H3106,2026-05,
H3107,2026-05,
H3108,2026-05,1
H3109,2026-05,
H3110,2026-05,
H3111,2026-05,
H3112,2026-05,2
H3113,2026-05,
H3114,2026-05,1
H3115,2026-05,2
H3116,2026-05,
H3117,2026-05,
H3118,2026-05,1
H3119,2026-05,2
H3120,2026-05,2
H3121,2026-05,
H3122,2026-05,2
H3123,2026-05,1
H3124,2026-05,
H3125,2026-05,
H3126,2026-05,
H3127,2026-05,
H3128,2026-05,1
H3129,2026-05,
H3130,2026-05,
H3131,2026-05,
H3132,2026-05,
H3133,2026-05,
H3134,2026-05,
H3135,2026-05,2
H3136,2026-05,
H3137,2026-05,
H3138,2026-05,
H3139,2026-05,
H3140,2026-05,1
H3141,2026-05,
H3142,2026-05,
H3143,2026-05,
H3144,2026-05,
H3145,2026-05,
H3146,2026-05,
H3147,2026-05,
H3148,2026-05,
H3149,2026-05,
H3150,2026-05,
H3151,2026-05,
H3152,2026-05,2
H3153,2026-05,
H3154,2026-05,
H3155,2026-05,
H3156,2026-05,
H3157,2026-05,
H3158,2026-05,1
H3159,2026-05,
H3160,2026-05,
H3161,2026-05,
H3162,2026-05,1
H3163,2026-05,
H3164,2026-05,
H3165,2026-05,1
H3166,2026-05,
H3167,2026-05,
H3168,2026-05,1
H3169,2026-05,
H3170,2026-05,
H3171,2026-05,
H3172,2026-05,
H3173,2026-05,1
H3174,2026-05,1
H3175,2026-05,1
H3176,2026-05,2
H3177,2026-05,
H3178,2026-05,
H3179,2026-05,
H3180,2026-05,
H3181,2026-05,1
H3182,2026-05,
H3183,2026-05,
H3184,2026-05,2
H3185,2026-05,
H3186,2026-05,
H3187,2026-05,
H3188,2026-05,
H3189,2026-05,
H3190,2026-05,
H3191,2026-05,
H3192,2026-05,
H3193,2026-05,
H3194,2026-05,
H3195,2026-05,
H3196,2026-05,
H3197,2026-05,
H3198,2026-05,
H3199,2026-05,1
H3200,2026-05,
H3201,2026-05,
H3202,2026-05,
H3203,2026-05,2
H3204,2026-05,
H3205,2026-05,
H3206,2026-05,
H3207,2026-05,
H3208,2026-05,
H3209,2026-05,
H3210,2026-05,
H3211,2026-05,1
H3212,2026-05,
H3213,2026-05,2
H3214,2026-05,
H3215,2026-05,2
H3216,2026-05,1
H3217,2026-05,1
H3218,2026-05,1
H3219,2026-05,
H3220,2026-05,
H3221,2026-05,
H3222,2026-05,1
H3223,2026-05,1
H3224,2026-05,1
H3225,2026-05,1
H3226,2026-05,
H3227,2026-05,2
H3228,2026-05,
H3229,2026-05,1
H3230,2026-05,2
H3231,2026-05,
H3232,2026-05,
H3233,2026-05,2
H3234,2026-05,1
H3235,2026-05,
H3236,2026-05,2
H3237,2026-05,2
H3238,2026-05,
H3239,2026-05,
H3240,2026-05,
H3241,2026-05,
H3242,2026-05,
H3243,2026-05,
H3244,2026-05,
H3245,2026-05,
H3246,2026-05,2
H3247,2026-05,
H3248,2026-05,
H3249,2026-05,
H3250,2026-05,
H3251,2026-05,
H3252,2026-05,1
H3253,2026-05,
H3254,2026-05,1
H3255,2026-05,
H3256,2026-05,1
H3257,2026-05,
H3258,2026-05,2
H3259,2026-05,
H3260,2026-05,
H3261,2026-05,2
H3262,2026-05,
H3263,2026-05,
H3264,2026-05,1
H3265,2026-05,
H3266,2026-05,1
H3267,2026-05,
H3268,2026-05,
H3269,2026-05,
H3270,2026-05,
H3271,2026-05,
H3272,2026-05,1
H3273,2026-05,
H3274,2026-05,
H3275,2026-05,
H3276,2026-05,
H3277,2026-05,
H3278,2026-05,
H3279,2026-05,
H3280,2026-05,
H3281,2026-05,
H3282,2026-05,2
H3283,2026-05,
H3284,2026-05,
H3285,2026-05,
H3286,2026-05,1
H3287,2026-05,
H3288,2026-05,
H3289,2026-05,
H3290,2026-05,2
H3291,2026-05,1
H3292,2026-05,
H3293,2026-05,
H3294,2026-05,
H3295,2026-05,
H3296,2026-05,1
H3297,2026-05,
H3298,2026-05,1
H3299,2026-05,
H3300,2026-05,
H3301,2026-05,
H3302,2026-05,
H3303,2026-05,
H3304,2026-05,
H3305,2026-05,2
H3306,2026-05,
H3307,2026-05,
H3308,2026-05,1
H3309,2026-05,
H3310,2026-05,
H3311,2026-05,
H3312,2026-05,
H3313,2026-05,
H3314,2026-05,1
H3315,2026-05,2
H3316,2026-05,
H3317,2026-05,
H3318,2026-05,1
H3319,2026-05,
H3320,2026-05,
H3321,2026-06,
H3322,2026-06,1
H3323,2026-06,
H3324,2026-06,
H3325,2026-06,
H3326,2026-06,
H3327,2026-06,
H3328,2026-06,
H3329,2026-06,1
H3330,2026-06,
H3331,2026-06,
H3332,2026-06,
H3333,2026-06,1
H3334,2026-06,1
H3335,2026-06,
H3336,2026-06,
H3337,2026-06,
H3338,2026-06,
H3339,2026-06,
H3340,2026-06,
H3341,2026-06,
H3342,2026-06,
H3343,2026-06,
H3344,2026-06,1
H3345,2026-06,
H3346,2026-06,
H3347,2026-06,
H3348,2026-06,1
H3349,2026-06,
H3350,2026-06,
H3351,2026-06,
H3352,2026-06,
H3353,2026-06,
H3354,2026-06,
H3355,2026-06,1
H3356,2026-06,1
H3357,2026-06,
H3358,2026-06,
H3359,2026-06,
H3360,2026-06,
H3361,2026-06,
H3362,2026-06,
H3363,2026-06,
H3364,2026-06,
H3365,2026-06,
H3366,2026-06,
H3367,2026-06,
H3368,2026-06,
H3369,2026-06,1
H3370,2026-06,
H3371,2026-06,
H3372,2026-06,
H3373,2026-06,
H3374,2026-06,
H3375,2026-06,
H3376,2026-06,
H3377,2026-06,
H3378,2026-06,1
H3379,2026-06,1
H3380,2026-06,
H3381,2026-06,
H3382,2026-06,
H3383,2026-06,1
H3384,2026-06,
H3385,2026-06,1
H3386,2026-06,
H3387,2026-06,
H3388,2026-06,
H3389,2026-06,1
H3390,2026-06,
H3391,2026-06,
H3392,2026-06,
H3393,2026-06,
H3394,2026-06,
H3395,2026-06,
H3396,2026-06,
H3397,2026-06,
H3398,2026-06,
H3399,2026-06,
H3400,2026-06,
H3401,2026-06,1
H3402,2026-06,1
H3403,2026-06,
H3404,2026-06,
H3405,2026-06,
H3406,2026-06,
H3407,2026-06,
H3408,2026-06,
H3409,2026-06,
H3410,2026-06,1
H3411,2026-06,
H3412,2026-06,1
H3413,2026-06,1
H3414,2026-06,
H3415,2026-06,
H3416,2026-06,
H3417,2026-06,
H3418,2026-06,
H3419,2026-06,
H3420,2026-06,1
H3421,2026-06,
H3422,2026-06,
H3423,2026-06,
H3424,2026-06,1
H3425,2026-06,
H3426,2026-06,
H3427,2026-06,
H3428,2026-06,
H3429,2026-06,
H3430,2026-06,
H3431,2026-06,
H3432,2026-06,
H3433,2026-06,
H3434,2026-06,
H3435,2026-06,
H3436,2026-06,
H3437,2026-06,
H3438,2026-06,
H3439,2026-06,
H3440,2026-06,
H3441,2026-06,
H3442,2026-06,
H3443,2026-06,
H3444,2026-06,
H3445,2026-06,
H3446,2026-06,
H3447,2026-06,
H3448,2026-06,
H3449,2026-06,
H3450,2026-06,1
H3451,2026-06,
H3452,2026-06,
H3453,2026-06,
H3454,2026-06,
H3455,2026-06,
H3456,2026-06,1
H3457,2026-06,
H3458,2026-06,
H3459,2026-06,
H3460,2026-06,
H3461,2026-06,
H3462,2026-06,1
H3463,2026-06,
H3464,2026-06,
H3465,2026-06,1
H3466,2026-06,
H3467,2026-06,
H3468,2026-06,
H3469,2026-06,
H3470,2026-06,1
H3471,2026-06,1
H3472,2026-06,
H3473,2026-06,
H3474,2026-06,
H3475,2026-06,
H3476,2026-06,
H3477,2026-06,
H3478,2026-06,
H3479,2026-06,
H3480,2026-06,
H3481,2026-06,1
H3482,2026-06,
H3483,2026-06,
H3484,2026-06,
H3485,2026-06,
H3486,2026-06,
H3487,2026-06,
H3488,2026-06,1
H3489,2026-06,1
H3490,2026-06,
H3491,2026-06,1
H3492,2026-06,
H3493,2026-06,
H3494,2026-06,
H3495,2026-06,
H3496,2026-06,
H3497,2026-06,
H3498,2026-06,
H3499,2026-06,1
H3500,2026-06,
H3501,2026-06,
H3502,2026-06,
H3503,2026-06,
H3504,2026-06,1
H3505,2026-06,
H3506,2026-06,
H3507,2026-06,
H3508,2026-06,
H3509,2026-06,
H3510,2026-06,1
H3511,2026-06,
H3512,2026-06,1
H3513,2026-06,
H3514,2026-06,
H3515,2026-06,
H3516,2026-06,
H3517,2026-06,1
H3518,2026-06,
H3519,2026-06,1
H3520,2026-06,
H3521,2026-06,
H3522,2026-06,
H3523,2026-06,
H3524,2026-06,1
H3525,2026-06,1
H3526,2026-06,1
H3527,2026-06,
H3528,2026-06,
H3529,2026-06,
H3530,2026-06,
H3531,2026-06,
H3532,2026-06,
H3533,2026-06,
H3534,2026-06,
H3535,2026-06,
H3536,2026-06,1
H3537,2026-06,
H3538,2026-06,
H3539,2026-06,
H3540,2026-06,1
H3541,2026-06,
H3542,2026-06,
H3543,2026-06,1
H3544,2026-06,
H3545,2026-06,
H3546,2026-06,1
H3547,2026-06,1
H3548,2026-06,
H3549,2026-06,
H3550,2026-06,
H3551,2026-06,
H3552,2026-06,1
H3553,2026-06,
H3554,2026-06,
H3555,2026-06,1
H3556,2026-06,
H3557,2026-06,
H3558,2026-06,
H3559,2026-06,1
H3560,2026-06,
H3561,2026-06,
H3562,2026-06,
H3563,2026-06,1
H3564,2026-06,
H3565,2026-06,
H3566,2026-06,
H3567,2026-06,
H3568,2026-06,
H3569,2026-06,
H3570,2026-06,
H3571,2026-06,
H3572,2026-06,
H3573,2026-06,
H3574,2026-06,
H3575,2026-06,
H3576,2026-06,
H3577,2026-06,1
H3578,2026-06,
H3579,2026-06,
H3580,2026-06,
H3581,2026-06,
H3582,2026-06,
H3583,2026-06,
H3584,2026-06,
H3585,2026-06,
H3586,2026-06,
H3587,2026-06,
H3588,2026-06,
H3589,2026-06,1
H3590,2026-06,1
H3591,2026-06,
H3592,2026-06,1
H3593,2026-06,
H3594,2026-06,
H3595,2026-06,
H3596,2026-06,
H3597,2026-06,
H3598,2026-06,
H3599,2026-06,
H3600,2026-06,
H3601,2026-06,1
H3602,2026-06,
H3603,2026-06,1
H3604,2026-06,
H3605,2026-06,
H3606,2026-06,1
H3607,2026-06,
H3608,2026-06,
H3609,2026-06,
H3610,2026-06,
H3611,2026-06,
H3612,2026-06,1
H3613,2026-06,
H3614,2026-06,
H3615,2026-06,
H3616,2026-06,1
H3617,2026-06,
H3618,2026-06,
H3619,2026-06,
H3620,2026-06,1
H3621,2026-06,
H3622,2026-06,
H3623,2026-06,
H3624,2026-06,
H3625,2026-06,
H3626,2026-06,
H3627,2026-06,1
H3628,2026-06,
H3629,2026-06,
H3630,2026-06,
H3631,2026-06,
H3632,2026-06,1
H3633,2026-06,
H3634,2026-06,
H3635,2026-06,1
H3636,2026-06,
H3637,2026-06,
H3638,2026-06,1
H3639,2026-06,
H3640,2026-06,1
H3641,2026-06,
H3642,2026-06,
H3643,2026-06,
H3644,2026-06,
H3645,2026-06,
H3646,2026-06,1
H3647,2026-06,
H3648,2026-06,
H3649,2026-06,
H3650,2026-06,
H3651,2026-06,
H3652,2026-06,
H3653,2026-06,
H3654,2026-06,1
H3655,2026-06,1
H3656,2026-06,1
H3657,2026-06,
H3658,2026-06,
H3659,2026-06,
H3660,2026-06,
H3661,2026-06,
H3662,2026-06,
H3663,2026-06,1
H3664,2026-06,1
H3665,2026-06,
H3666,2026-06,
H3667,2026-06,
H3668,2026-06,1
H3669,2026-06,1
H3670,2026-06,
H3671,2026-06,
H3672,2026-06,1
H3673,2026-06,
H3674,2026-06,1
H3675,2026-06,
H3676,2026-06,
H3677,2026-06,1
H3678,2026-06,
H3679,2026-06,
H3680,2026-06,
H3681,2026-06,
H3682,2026-06,1
H3683,2026-06,
H3684,2026-06,
H3685,2026-06,
H3686,2026-06,
H3687,2026-06,
H3688,2026-06,
H3689,2026-06,1
H3690,2026-06,1
H3691,2026-06,
H3692,2026-06,
H3693,2026-06,
H3694,2026-06,
H3695,2026-06,
H3696,2026-06,1
H3697,2026-06,
H3698,2026-06,
H3699,2026-06,
H3700,2026-06,
H3701,2026-06,
H3702,2026-06,
H3703,2026-06,
H3704,2026-06,
H3705,2026-06,
H3706,2026-06,
H3707,2026-06,
H3708,2026-06,
H3709,2026-06,
H3710,2026-06,
H3711,2026-06,1
H3712,2026-06,
H3713,2026-06,
H3714,2026-06,
H3715,2026-06,
H3716,2026-06,
H3717,2026-06,
H3718,2026-06,1
H3719,2026-06,
H3720,2026-06,
H3721,2026-06,
H3722,2026-06,
H3723,2026-06,
H3724,2026-06,1
H3725,2026-06,
H3726,2026-06,
H3727,2026-06,1
H3728,2026-06,1
H3729,2026-06,1
H3730,2026-06,
H3731,2026-06,1
H3732,2026-06,
H3733,2026-06,
H3734,2026-06,
H3735,2026-06,
H3736,2026-06,
H3737,2026-06,
H3738,2026-06,
H3739,2026-06,
H3740,2026-06,
H3741,2026-06,
H3742,2026-06,
H3743,2026-06,
H3744,2026-06,1
H3745,2026-06,1
H3746,2026-06,
H3747,2026-06,
H3748,2026-06,
H3749,2026-06,
H3750,2026-06,
H3751,2026-06,
H3752,2026-06,
H3753,2026-06,
H3754,2026-06,
H3755,2026-06,
H3756,2026-06,1
H3757,2026-06,1
H3758,2026-06,
H3759,2026-06,
H3760,2026-06,
H3761,2026-06,1
H3762,2026-06,
H3763,2026-06,
H3764,2026-06,
H3765,2026-06,
H3766,2026-06,
H3767,2026-06,
H3768,2026-06,
H3769,2026-06,1
H3770,2026-06,1
H3771,2026-06,
H3772,2026-06,
H3773,2026-06,
H3774,2026-06,
H3775,2026-06,
H3776,2026-06,
H3777,2026-06,
H3778,2026-06,
H3779,2026-06,
H3780,2026-06,
H3781,2026-06,
H3782,2026-06,
H3783,2026-06,1
H3784,2026-06,
H3785,2026-06,
H3786,2026-06,1
H3787,2026-06,
H3788,2026-06,
H3789,2026-06,1
H3790,2026-06,
H3791,2026-06,
H3792,2026-06,1
H3793,2026-06,
H3794,2026-06,
H3795,2026-06,1
H3796,2026-06,
H3797,2026-06,
H3798,2026-06,1
H3799,2026-06,1
H3800,2026-06,
H3801,2026-06,
H3802,2026-06,
H3803,2026-06,
H3804,2026-06,
H3805,2026-06,
H3806,2026-06,
H3807,2026-06,
H3808,2026-06,
H3809,2026-06,1
H3810,2026-06,1
H3811,2026-06,
H3812,2026-06,
H3813,2026-06,
H3814,2026-06,
H3815,2026-06,
H3816,2026-06,
H3817,2026-06,
H3818,2026-06,
H3819,2026-06,
H3820,2026-06,
H3821,2026-06,
H3822,2026-06,
H3823,2026-06,
H3824,2026-06,
H3825,2026-06,1
H3826,2026-06,1
H3827,2026-06,
H3828,2026-06,
H3829,2026-06,
H3830,2026-06,
H3831,2026-06,
H3832,2026-06,
H3833,2026-06,
H3834,2026-06,
H3835,2026-06,
H3836,2026-06,
H3837,2026-06,
H3838,2026-06,1
H3839,2026-06,
H3840,2026-06,
H3841,2026-06,
H3842,2026-06,1
H3843,2026-06,
H3844,2026-06,
H3845,2026-06,1
H3846,2026-06,
H3847,2026-06,
H3848,2026-06,
H3849,2026-06,
H3850,2026-06,1
H3851,2026-06,
H3852,2026-06,1
H3853,2026-06,
H3854,2026-06,
H3855,2026-06,
H3856,2026-06,1
H3857,2026-06,
H3858,2026-06,
H3859,2026-06,
H3860,2026-06,
H3861,2026-06,
H3862,2026-06,
H3863,2026-06,
H3864,2026-06,
H3865,2026-06,1
H3866,2026-06,
H3867,2026-06,
H3868,2026-06,
H3869,2026-06,
H3870,2026-06,1
H3871,2026-06,
H3872,2026-06,1
H3873,2026-06,1
H3874,2026-06,
H3875,2026-06,1
H3876,2026-06,
H3877,2026-06,1
H3878,2026-06,
H3879,2026-06,
H3880,2026-06,
H3881,2026-06,
H3882,2026-06,
H3883,2026-06,
H3884,2026-06,
H3885,2026-06,
H3886,2026-06,
H3887,2026-06,
H3888,2026-06,
H3889,2026-06,
H3890,2026-06,
H3891,2026-06,
H3892,2026-06,
H3893,2026-06,
H3894,2026-06,
H3895,2026-06,
H3896,2026-06,
H3897,2026-06,1
H3898,2026-06,
H3899,2026-06,
H3900,2026-06,
H3901,2026-06,
H3902,2026-06,
H3903,2026-06,
H3904,2026-06,
H3905,2026-06,
H3906,2026-06,
H3907,2026-06,
H3908,2026-06,
H3909,2026-06,
H3910,2026-06,
H3911,2026-06,1
H3912,2026-06,
H3913,2026-06,1
H3914,2026-06,
H3915,2026-06,
H3916,2026-06,
H3917,2026-06,
H3918,2026-06,
H3919,2026-06,
H3920,2026-06,
H3921,2026-06,
H3922,2026-06,
H3923,2026-06,
H3924,2026-06,
H3925,2026-06,
H3926,2026-06,1
H3927,2026-06,
H3928,2026-06,
H3929,2026-06,
H3930,2026-06,1
H3931,2026-06,
H3932,2026-06,1
H3933,2026-06,
H3934,2026-06,
H3935,2026-06,
H3936,2026-06,
H3937,2026-06,
H3938,2026-06,1
H3939,2026-06,1
H3940,2026-06,
H3941,2026-06,
H3942,2026-06,
H3943,2026-06,1
H3944,2026-06,
H3945,2026-06,1
H3946,2026-06,1
H3947,2026-06,
H3948,2026-06,
H3949,2026-06,1
H3950,2026-06,
H3951,2026-06,1
H3952,2026-06,
H3953,2026-06,
H3954,2026-06,1
H3955,2026-06,
H3956,2026-06,
H3957,2026-06,
H3958,2026-06,
H3959,2026-06,1
H3960,2026-06,1
H3961,2026-06,
H3962,2026-06,
H3963,2026-06,1
H3964,2026-06,
H3965,2026-06,1
H3966,2026-06,
H3967,2026-06,
H3968,2026-06,1
H3969,2026-06,
H3970,2026-06,
H3971,2026-06,
H3972,2026-06,
H3973,2026-06,
H3974,2026-06,
H3975,2026-06,
H3976,2026-06,
H3977,2026-06,
H3978,2026-06,
H3979,2026-06,1
H3980,2026-06,
H3981,2026-06,
H3982,2026-06,
H3983,2026-06,
H3984,2026-06,
H3985,2026-06,
H3986,2026-06,
H3987,2026-06,1
H3988,2026-06,
H3989,2026-06,
H3990,2026-06,
H3991,2026-06,1
H3992,2026-06,
H3993,2026-06,
H3994,2026-06,1
H3995,2026-06,
H3996,2026-06,
H3997,2026-06,
H3998,2026-06,
H3999,2026-06,
H4000,2026-06,1
H4001,2026-06,
H4002,2026-06,
H4003,2026-06,
H4004,2026-06,1
H4005,2026-06,1
H4006,2026-06,
H4007,2026-06,
H4008,2026-06,
H4009,2026-06,
H4010,2026-06,1
H4011,2026-06,1
H4012,2026-06,
H4013,2026-06,
H4014,2026-06,1
H4015,2026-06,
H4016,2026-06,
H4017,2026-06,
H4018,2026-06,
H4019,2026-06,
H4020,2026-06,
H4021,2026-06,
H4022,2026-06,
H4023,2026-06,
H4024,2026-06,
H4025,2026-06,
H4026,2026-06,
H4027,2026-06,
H4028,2026-06,1
H4029,2026-06,
H4030,2026-06,
H4031,2026-06,
H4032,2026-06,
H4033,2026-06,1
H4034,2026-06,
H4035,2026-06,1
H4036,2026-06,
H4037,2026-06,
H4038,2026-06,
H4039,2026-06,
H4040,2026-06,
H4041,2026-06,
H4042,2026-06,
H4043,2026-06,
H4044,2026-06,
H4045,2026-06,
H4046,2026-06,
H4047,2026-06,
H4048,2026-06,
H4049,2026-06,
H4050,2026-06,1
H4051,2026-06,
H4052,2026-06,
H4053,2026-06,
H4054,2026-06,
H4055,2026-06,
H4056,2026-06,1
H4057,2026-06,
H4058,2026-06,1
H4059,2026-06,
H4060,2026-06,
H4061,2026-06,
H4062,2026-06,
H4063,2026-06,
H4064,2026-06,
H4065,2026-06,
H4066,2026-06,1
H4067,2026-06,1
H4068,2026-06,
H4069,2026-06,
H4070,2026-06,
H4071,2026-06,
H4072,2026-06,
H4073,2026-06,
H4074,2026-06,
H4075,2026-06,
H4076,2026-06,
H4077,2026-06,
H4078,2026-06,
H4079,2026-06,
H4080,2026-06,
H4081,2026-06,
H4082,2026-06,
H4083,2026-06,
H4084,2026-06,
H4085,2026-06,
H4086,2026-06,1
H4087,2026-06,1
H4088,2026-06,
H4089,2026-06,
H4090,2026-06,1
H4091,2026-06,
H4092,2026-06,
H4093,2026-06,
H4094,2026-06,
H4095,2026-06,
H4096,2026-06,
H4097,2026-06,1
H4098,2026-06,1
H4099,2026-06,
H4100,2026-06,1
H4101,2026-06,
H4102,2026-06,
H4103,2026-06,
H4104,2026-06,1
H4105,2026-06,
H4106,2026-06,
H4107,2026-06,
H4108,2026-06,1
H4109,2026-06,
H4110,2026-06,
H4111,2026-06,
H4112,2026-06,
H4113,2026-06,1
H4114,2026-06,1
H4115,2026-06,
H4116,2026-06,
H4117,2026-06,
H4118,2026-06,
H4119,2026-06,1
H4120,2026-06,
